Workbook
Name Fim: #REF!
Name Fim: #REF!
Name Fim: #REF!
Name Fim: #REF!
Name Fim: #REF!
Name Fim: #REF!
Name Fim: #REF!

Sheet LISTA CORRIDA
A1: SÉRIE | B1: Nº | C1: RM | D1: NOME DO ALUNO | E1: S | F1: COD | G1: NASC. | H1: RA | I1: RG | J1: CPF | K1: OBS. | L1: ED. FÍSICA | M1: REM - 2020/2º | N1: IDADE | O1: NATURALIDADE | P1: HORÁRIO | Q1: HORÁRIO ED FÍSICA | R1: INCLUSÃO | S1: PROFESSOR | T1: PLANO DE AÇÃO | U1: AEE | V1: DEFICIENCIA | W1: OBS DEFICIENCIA: | X1: C. RODAS | Y1: ADEQUAÇÕES | Z1: TIPO TE | AA1: LOCAL TE | AB1: NÍVEL ANO | AC1: ATENDIMENTOS DE SAÚDE | AD1: SEMESTRE
A2: =RIGHT('[1]1ª'!$A$5:$D$5,12) -> 1ª SÉRIE E.F | B2: 1 | C2: ='1ª'!#REF! -> #REF! | D2: ='1ª'!#REF! -> #REF! | E2: ='1ª'!#REF! -> #REF! | F2: ='1ª'!#REF! -> #REF! | G2: ='1ª'!#REF! -> #REF! | H2: ='1ª'!#REF! -> #REF! | I2: ='1ª'!#REF! -> #REF! | K2: ='1ª'!#REF! -> #REF! | L2: ='1ª'!#REF! -> #REF! | N2: ='1ª'!#REF! -> #REF! | P2: 19:00 às 23:00 | Q2: Terça e Quinta-feira 19h00 - 20h00 | R2: ='1ª'!#REF! -> #REF! | S2: ='1ª'!#REF! -> #REF! | T2: ='1ª'!#REF! -> #REF! | U2: ='1ª'!#REF! -> #REF! | V2: ='1ª'!#REF! -> #REF! | W2: ='1ª'!#REF! -> #REF! | X2: ='1ª'!#REF! -> #REF! | Y2: ='1ª'!#REF! -> #REF! | ... AA2: ='1ª'!#REF! -> #REF! | AB2: 1ª série EJA | AD2: 2º SEMESTRE
A3: =RIGHT('[1]1ª'!$A$5:$D$5,12) -> 1ª SÉRIE E.F | B3: 2 | C3: ='1ª'!#REF! -> #REF! | D3: ='1ª'!#REF! -> #REF! | E3: ='1ª'!#REF! -> #REF! | F3: ='1ª'!#REF! -> #REF! | G3: ='1ª'!#REF! -> #REF! | H3: ='1ª'!#REF! -> #REF! | I3: ='1ª'!#REF! -> #REF! | K3: ='1ª'!#REF! -> #REF! | L3: ='1ª'!#REF! -> #REF! | N3: ='1ª'!#REF! -> #REF! | P3: 19:00 às 23:00 | Q3: Terça e Quinta-feira 19h00 - 20h00 | R3: ='1ª'!#REF! -> #REF! | S3: ='1ª'!#REF! -> #REF! | T3: ='1ª'!#REF! -> #REF! | U3: ='1ª'!#REF! -> #REF! | V3: ='1ª'!#REF! -> #REF! | W3: ='1ª'!#REF! -> #REF! | X3: ='1ª'!#REF! -> #REF! | Y3: ='1ª'!#REF! -> #REF! | ... AA3: ='1ª'!#REF! -> #REF! | AB3: 1ª série EJA | AD3: 2º SEMESTRE
A4: =RIGHT('[1]1ª'!$A$5:$D$5,12) -> 1ª SÉRIE E.F | B4: 3 | C4: ='1ª'!$B7 -> 16345 | D4: ='1ª'!$C7 -> ELAINE FRANCISCO DE QUEIROZ | E4: ='1ª'!$D7 -> F | F4: ='1ª'!$E7 -> MA | G4: ='1ª'!$F7 -> 30376 | H4: ='1ª'!$G7 -> 0 | I4: ='1ª'!$H7 -> 0 | K4: ='1ª'!$I7 -> 0 | L4: ='1ª'!$J7 -> DISP.IDADE | N4: ='1ª'!$K7 -> 42 | P4: 19:00 às 23:00 | Q4: Terça e Quinta-feira 19h00 - 20h00 | R4: ='1ª'!L7 -> Não | S4: ='1ª'!M7 -> Eliane | T4: ='1ª'!N7 -> - | U4: ='1ª'!O7 -> - | V4: ='1ª'!P7 -> - | W4: ='1ª'!Q7 -> - | X4: ='1ª'!R7 -> - | Y4: ='1ª'!S7 -> - | ... AA4: ='1ª'!U7 -> 0 | AB4: 1ª série EJA | AD4: 2º SEMESTRE
A5: =RIGHT('[1]1ª'!$A$5:$D$5,12) -> 1ª SÉRIE E.F | B5: 4 | C5: ='1ª'!$B8 -> 18904 | D5: ='1ª'!$C8 -> LENI RODRIGUES DIAS | E5: ='1ª'!$D8 -> F | F5: ='1ª'!$E8 -> MA | G5: ='1ª'!$F8 -> 23323 | H5: ='1ª'!$G8 -> 0 | I5: ='1ª'!$H8 -> 0 | K5: ='1ª'!$I8 -> 0 | L5: ='1ª'!$J8 -> DISP.IDADE | N5: ='1ª'!$K8 -> 61 | P5: 19:00 às 23:00 | Q5: Terça e Quinta-feira 19h00 - 20h00 | R5: ='1ª'!L8 -> Não | S5: ='1ª'!M8 -> Eliane | T5: ='1ª'!N8 -> - | U5: ='1ª'!O8 -> - | V5: ='1ª'!P8 -> - | W5: ='1ª'!Q8 -> - | X5: ='1ª'!R8 -> - | Y5: ='1ª'!S8 -> - | ... AA5: ='1ª'!U8 -> 0 | AB5: 1ª série EJA | AD5: 2º SEMESTRE
A6: =RIGHT('[1]1ª'!$A$5:$D$5,12) -> 1ª SÉRIE E.F | B6: 5 | C6: ='1ª'!$B9 -> 18828 | D6: ='1ª'!$C9 -> MARIA DA SOLEDADE PENHA SILVA | E6: ='1ª'!$D9 -> F | F6: ='1ª'!$E9 -> MA | G6: ='1ª'!$F9 -> 25983 | H6: ='1ª'!$G9 -> 1258776170 | I6: ='1ª'!$H9 -> 36934088-7 | K6: ='1ª'!$I9 -> 0 | L6: ='1ª'!$J9 -> DISP.IDADE | N6: ='1ª'!$K9 -> 54 | P6: 19:00 às 23:00 | Q6: Terça e Quinta-feira 19h00 - 20h00 | R6: ='1ª'!L9 -> Não | S6: ='1ª'!M9 -> Eliane | T6: ='1ª'!N9 -> - | U6: ='1ª'!O9 -> - | V6: ='1ª'!P9 -> - | W6: ='1ª'!Q9 -> - | X6: ='1ª'!R9 -> - | Y6: ='1ª'!S9 -> - | ... AA6: ='1ª'!U9 -> 0 | AB6: 1ª série EJA | AD6: 2º SEMESTRE
A7: =RIGHT('[1]1ª'!$A$5:$D$5,12) -> 1ª SÉRIE E.F | B7: 6 | C7: ='1ª'!$B10 -> 0 | D7: ='1ª'!$C10 -> 0 | E7: ='1ª'!$D10 -> 0 | F7: ='1ª'!$E10 | G7: ='1ª'!$F10 -> 0 | H7: ='1ª'!$G10 -> 0 | I7: ='1ª'!$H10 -> 0 | K7: ='1ª'!$I10 -> 0 | L7: ='1ª'!$J10 | N7: ='1ª'!$K10 | P7: 19:00 às 23:00 | Q7: Terça e Quinta-feira 19h00 - 20h00 | R7: ='1ª'!L10 -> Não | S7: ='1ª'!M10 -> Eliane | T7: ='1ª'!N10 -> - | U7: ='1ª'!O10 -> - | V7: ='1ª'!P10 -> - | W7: ='1ª'!Q10 -> - | X7: ='1ª'!R10 -> - | Y7: ='1ª'!S10 -> - | ... AA7: ='1ª'!U10 -> 0 | AB7: 1ª série EJA | AD7: 2º SEMESTRE
A8: =RIGHT('[1]1ª'!$A$5:$D$5,12) -> 1ª SÉRIE E.F | B8: 7 | C8: ='1ª'!$B11 -> 0 | D8: ='1ª'!$C11 -> 0 | E8: ='1ª'!$D11 -> 0 | F8: ='1ª'!$E11 | G8: ='1ª'!$F11 -> 0 | H8: ='1ª'!$G11 -> 0 | I8: ='1ª'!$H11 -> 0 | K8: ='1ª'!$I11 -> 0 | L8: ='1ª'!$J11 | N8: ='1ª'!$K11 | P8: 19:00 às 23:00 | Q8: Terça e Quinta-feira 19h00 - 20h00 | R8: ='1ª'!L11 -> Não | S8: ='1ª'!M11 -> Eliane | T8: ='1ª'!N11 -> - | U8: ='1ª'!O11 -> - | V8: ='1ª'!P11 -> - | W8: ='1ª'!Q11 -> - | X8: ='1ª'!R11 -> - | Y8: ='1ª'!S11 -> - | ... AA8: ='1ª'!U11 -> 0 | AB8: 1ª série EJA | AD8: 2º SEMESTRE
A9: =RIGHT('[1]1ª'!$A$5:$D$5,12) -> 1ª SÉRIE E.F | B9: 8 | C9: ='1ª'!$B12 -> 0 | D9: ='1ª'!$C12 -> 0 | E9: ='1ª'!$D12 -> 0 | F9: ='1ª'!$E12 | G9: ='1ª'!$F12 -> 0 | H9: ='1ª'!$G12 -> 0 | I9: ='1ª'!$H12 -> 0 | K9: ='1ª'!$I12 -> 0 | L9: ='1ª'!$J12 | N9: ='1ª'!$K12 | P9: 19:00 às 23:00 | Q9: Terça e Quinta-feira 19h00 - 20h00 | R9: ='1ª'!L12 -> Não | S9: ='1ª'!M12 -> Eliane | T9: ='1ª'!N12 -> - | U9: ='1ª'!O12 -> - | V9: ='1ª'!P12 -> - | W9: ='1ª'!Q12 -> - | X9: ='1ª'!R12 -> - | Y9: ='1ª'!S12 -> - | ... AA9: ='1ª'!U12 -> 0 | AB9: 1ª série EJA | AD9: 2º SEMESTRE
A10: =RIGHT('[1]1ª'!$A$5:$D$5,12) -> 1ª SÉRIE E.F | B10: 9 | C10: ='1ª'!$B13 -> 0 | D10: ='1ª'!$C13 -> 0 | E10: ='1ª'!$D13 -> 0 | F10: ='1ª'!$E13 | G10: ='1ª'!$F13 -> 0 | H10: ='1ª'!$G13 -> 0 | I10: ='1ª'!$H13 -> 0 | K10: ='1ª'!$I13 -> 0 | L10: ='1ª'!$J13 | N10: ='1ª'!$K13 | P10: 19:00 às 23:00 | Q10: Terça e Quinta-feira 19h00 - 20h00 | R10: ='1ª'!L13 -> Não | S10: ='1ª'!M13 -> Eliane | T10: ='1ª'!N13 -> - | U10: ='1ª'!O13 -> - | V10: ='1ª'!P13 -> - | W10: ='1ª'!Q13 -> - | X10: ='1ª'!R13 -> - | Y10: ='1ª'!S13 -> - | ... AA10: ='1ª'!U13 -> 0 | AB10: 1ª série EJA | AD10: 2º SEMESTRE
A11: =RIGHT('[1]1ª'!$A$5:$D$5,12) -> 1ª SÉRIE E.F | B11: 10 | C11: ='1ª'!$B14 -> 0 | D11: ='1ª'!$C14 -> 0 | E11: ='1ª'!$D14 -> 0 | F11: ='1ª'!$E14 | G11: ='1ª'!$F14 -> 0 | H11: ='1ª'!$G14 -> 0 | I11: ='1ª'!$H14 -> 0 | K11: ='1ª'!$I14 -> 0 | L11: ='1ª'!$J14 | N11: ='1ª'!$K14 | P11: 19:00 às 23:00 | Q11: Terça e Quinta-feira 19h00 - 20h00 | R11: ='1ª'!L14 -> Não | S11: ='1ª'!M14 -> Eliane | T11: ='1ª'!N14 -> - | U11: ='1ª'!O14 -> - | V11: ='1ª'!P14 -> - | W11: ='1ª'!Q14 -> - | X11: ='1ª'!R14 -> - | Y11: ='1ª'!S14 -> - | ... AA11: ='1ª'!U14 -> 0 | AB11: 1ª série EJA | AD11: 2º SEMESTRE
A12: =RIGHT('[1]1ª'!$A$5:$D$5,12) -> 1ª SÉRIE E.F | B12: 11 | C12: ='1ª'!$B15 -> 0 | D12: ='1ª'!$C15 -> 0 | E12: ='1ª'!$D15 -> 0 | F12: ='1ª'!$E15 | G12: ='1ª'!$F15 -> 0 | H12: ='1ª'!$G15 -> 0 | I12: ='1ª'!$H15 -> 0 | K12: ='1ª'!$I15 -> 0 | L12: ='1ª'!$J15 | N12: ='1ª'!$K15 | P12: 19:00 às 23:00 | Q12: Terça e Quinta-feira 19h00 - 20h00 | R12: ='1ª'!L15 -> Não | S12: ='1ª'!M15 -> Eliane | T12: ='1ª'!N15 -> - | U12: ='1ª'!O15 -> - | V12: ='1ª'!P15 -> - | W12: ='1ª'!Q15 -> - | X12: ='1ª'!R15 -> - | Y12: ='1ª'!S15 -> - | ... AA12: ='1ª'!U15 -> 0 | AB12: 1ª série EJA | AD12: 2º SEMESTRE
A13: =RIGHT('[1]1ª'!$A$5:$D$5,12) -> 1ª SÉRIE E.F | B13: 12 | C13: ='1ª'!$B16 -> 0 | D13: ='1ª'!$C16 -> 0 | E13: ='1ª'!$D16 -> 0 | F13: ='1ª'!$E16 | G13: ='1ª'!$F16 -> 0 | H13: ='1ª'!$G16 -> 0 | I13: ='1ª'!$H16 -> 0 | K13: ='1ª'!$I16 -> 0 | L13: ='1ª'!$J16 | N13: ='1ª'!$K16 | P13: 19:00 às 23:00 | Q13: Terça e Quinta-feira 19h00 - 20h00 | R13: ='1ª'!L16 -> Não | S13: ='1ª'!M16 -> Eliane | T13: ='1ª'!N16 -> - | U13: ='1ª'!O16 -> - | V13: ='1ª'!P16 -> - | W13: ='1ª'!Q16 -> - | X13: ='1ª'!R16 -> - | Y13: ='1ª'!S16 -> - | ... AA13: ='1ª'!U16 -> 0 | AB13: 1ª série EJA | AD13: 2º SEMESTRE
A14: =RIGHT('[1]1ª'!$A$5:$D$5,12) -> 1ª SÉRIE E.F | B14: 13 | C14: ='1ª'!$B17 -> 0 | D14: ='1ª'!$C17 -> 0 | E14: ='1ª'!$D17 -> 0 | F14: ='1ª'!$E17 | G14: ='1ª'!$F17 -> 0 | H14: ='1ª'!$G17 -> 0 | I14: ='1ª'!$H17 -> 0 | K14: ='1ª'!$I17 -> 0 | L14: ='1ª'!$J17 | N14: ='1ª'!$K17 | P14: 19:00 às 23:00 | Q14: Terça e Quinta-feira 19h00 - 20h00 | R14: ='1ª'!L17 -> Não | S14: ='1ª'!M17 -> Eliane | T14: ='1ª'!N17 -> - | U14: ='1ª'!O17 -> - | V14: ='1ª'!P17 -> - | W14: ='1ª'!Q17 -> - | X14: ='1ª'!R17 -> - | Y14: ='1ª'!S17 -> - | ... AA14: ='1ª'!U17 -> 0 | AB14: 1ª série EJA | AD14: 2º SEMESTRE
A15: =RIGHT('[1]1ª'!$A$5:$D$5,12) -> 1ª SÉRIE E.F | B15: 14 | C15: ='1ª'!$B18 -> 0 | D15: ='1ª'!$C18 -> 0 | E15: ='1ª'!$D18 -> 0 | F15: ='1ª'!$E18 | G15: ='1ª'!$F18 -> 0 | H15: ='1ª'!$G18 -> 0 | I15: ='1ª'!$H18 -> 0 | K15: ='1ª'!$I18 -> 0 | L15: ='1ª'!$J18 | N15: ='1ª'!$K18 | P15: 19:00 às 23:00 | Q15: Terça e Quinta-feira 19h00 - 20h00 | R15: ='1ª'!L18 -> Não | S15: ='1ª'!M18 -> Eliane | T15: ='1ª'!N18 -> - | U15: ='1ª'!O18 -> - | V15: ='1ª'!P18 -> - | W15: ='1ª'!Q18 -> - | X15: ='1ª'!R18 -> - | Y15: ='1ª'!S18 -> - | ... AA15: ='1ª'!U18 -> 0 | AB15: 1ª série EJA | AD15: 2º SEMESTRE
... A56: =RIGHT('[1]1ª'!$A$5:$D$5,12) -> 1ª SÉRIE E.F | B56: 55 | C56: ='1ª'!$B59 -> 0 | D56: ='1ª'!$C59 -> 0 | E56: ='1ª'!$D59 -> 0 | F56: ='1ª'!$E59 -> 0 | G56: ='1ª'!$F59 -> 0 | H56: ='1ª'!$G59 -> 0 | I56: ='1ª'!$H59 -> 0 | K56: ='1ª'!$I59 -> 0 | L56: ='1ª'!$J59 -> 0 | N56: ='1ª'!$K59 -> 0 | P56: 19:00 às 23:00 | Q56: Terça e Quinta-feira 19h00 - 20h00 | R56: ='1ª'!L59 -> 0 | S56: ='1ª'!M59 -> 0 | T56: ='1ª'!N59 -> 0 | U56: ='1ª'!O59 -> 0 | V56: ='1ª'!P59 -> 0 | W56: ='1ª'!Q59 -> 0 | X56: ='1ª'!R59 -> 0 | Y56: ='1ª'!S59 -> 0 | ... AA56: ='1ª'!U59 -> 0 | AB56: 1ª série EJA | AD56: 2º SEMESTRE
A57: =RIGHT('[1]2ª'!$A$5:$D$5,12) -> 2ª SÉRIE E.F | B57: 1 | C57: ='2ª'!$B7 -> 13512 | D57: ='2ª'!$C7 -> ADMILSON FRANCISCO DE SANTANA | E57: ='2ª'!$D7 -> M | F57: ='2ª'!$E7 -> MA | G57: ='2ª'!$F7 -> 31434 | H57: ='2ª'!$G7 -> 113917115-X | I57: ='2ª'!$H7 -> 56170354-1 | K57: ='2ª'!$I7 -> 0 | L57: ='2ª'!$J7 -> DISP.IDADE | N57: ='2ª'!$K7 -> 39 | P57: 19:00 às 23:00 | Q57: Terça e Quinta-feira 19h00 - 20h00 | R57: ='2ª'!L7 -> Não | S57: ='2ª'!M7 -> Eliane | T57: ='2ª'!N7 -> - | U57: ='2ª'!O7 -> - | V57: ='2ª'!P7 -> - | W57: ='2ª'!Q7 -> - | X57: ='2ª'!R7 -> - | Y57: ='2ª'!S7 -> - | ... AA57: ='2ª'!U7 -> 0 | AB57: 2ª série EJA | AD57: 2º SEMESTRE
A58: =RIGHT('[1]2ª'!$A$5:$D$5,12) -> 2ª SÉRIE E.F | B58: 2 | C58: ='2ª'!#REF! -> #REF! | D58: ='2ª'!#REF! -> #REF! | E58: ='2ª'!#REF! -> #REF! | F58: ='2ª'!#REF! -> #REF! | G58: ='2ª'!#REF! -> #REF! | H58: ='2ª'!#REF! -> #REF! | I58: ='2ª'!#REF! -> #REF! | K58: ='2ª'!#REF! -> #REF! | L58: ='2ª'!#REF! -> #REF! | N58: ='2ª'!#REF! -> #REF! | P58: 19:00 às 23:00 | Q58: Terça e Quinta-feira 19h00 - 20h00 | R58: ='2ª'!#REF! -> #REF! | S58: ='2ª'!#REF! -> #REF! | T58: ='2ª'!#REF! -> #REF! | U58: ='2ª'!#REF! -> #REF! | V58: ='2ª'!#REF! -> #REF! | W58: ='2ª'!#REF! -> #REF! | X58: ='2ª'!#REF! -> #REF! | Y58: ='2ª'!#REF! -> #REF! | ... AA58: ='2ª'!#REF! -> #REF! | AB58: 2ª série EJA | AD58: 2º SEMESTRE
A59: =RIGHT('[1]2ª'!$A$5:$D$5,12) -> 2ª SÉRIE E.F | B59: 3 | C59: ='2ª'!$B8 -> 18908 | D59: ='2ª'!$C8 -> ELIANE IRENE DA SILVA SANTOS | E59: ='2ª'!$D8 -> F | F59: ='2ª'!$E8 -> MA | G59: ='2ª'!$F8 -> 26448 | H59: ='2ª'!$G8 -> 0 | I59: ='2ª'!$H8 -> 0 | K59: ='2ª'!$I8 -> 0 | L59: ='2ª'!$J8 -> DISP.IDADE | N59: ='2ª'!$K8 -> 53 | P59: 19:00 às 23:00 | Q59: Terça e Quinta-feira 19h00 - 20h00 | R59: ='2ª'!L8 -> Não | S59: ='2ª'!M8 -> Eliane | T59: ='2ª'!N8 -> - | U59: ='2ª'!O8 -> - | V59: ='2ª'!P8 -> - | W59: ='2ª'!Q8 -> - | X59: ='2ª'!R8 -> - | Y59: ='2ª'!S8 -> - | ... AA59: ='2ª'!U8 -> 0 | AB59: 2ª série EJA | AD59: 2º SEMESTRE
A60: =RIGHT('[1]2ª'!$A$5:$D$5,12) -> 2ª SÉRIE E.F | B60: 4 | C60: ='2ª'!$B9 -> 18911 | D60: ='2ª'!$C9 -> RITA DOS SANTOS CORREIA | E60: ='2ª'!$D9 -> F | F60: ='2ª'!$E9 -> MA | G60: ='2ª'!$F9 -> 16697 | H60: ='2ª'!$G9 -> 32468373-X | I60: ='2ª'!$H9 -> 0 | K60: ='2ª'!$I9 -> 0 | L60: ='2ª'!$J9 -> DISP.IDADE | N60: ='2ª'!$K9 -> 80 | P60: 19:00 às 23:00 | Q60: Terça e Quinta-feira 19h00 - 20h00 | R60: ='2ª'!L9 -> Não | S60: ='2ª'!M9 -> Eliane | T60: ='2ª'!N9 -> - | U60: ='2ª'!O9 -> - | V60: ='2ª'!P9 -> - | W60: ='2ª'!Q9 -> - | X60: ='2ª'!R9 -> - | Y60: ='2ª'!S9 -> - | ... AA60: ='2ª'!U9 -> 0 | AB60: 2ª série EJA | AD60: 2º SEMESTRE
A61: =RIGHT('[1]2ª'!$A$5:$D$5,12) -> 2ª SÉRIE E.F | B61: 5 | C61: ='2ª'!$B10 -> 18970 | D61: ='2ª'!$C10 -> MARIA CLEUSA DOS SANTOS | E61: ='2ª'!$D10 -> F | F61: ='2ª'!$E10 -> MA | G61: ='2ª'!$F10 -> 25393 | H61: ='2ª'!$G10 -> 0 | I61: ='2ª'!$H10 -> 25427262-9 | K61: ='2ª'!$I10 -> 0 | L61: ='2ª'!$J10 -> DISP.IDADE | N61: ='2ª'!$K10 -> 56 | P61: 19:00 às 23:00 | Q61: Terça e Quinta-feira 19h00 - 20h00 | R61: ='2ª'!L10 -> Não | S61: ='2ª'!M10 -> Eliane | T61: ='2ª'!N10 -> - | U61: ='2ª'!O10 -> - | V61: ='2ª'!P10 -> - | W61: ='2ª'!Q10 -> - | X61: ='2ª'!R10 -> - | Y61: ='2ª'!S10 -> - | ... AA61: ='2ª'!U10 -> 0 | AB61: 2ª série EJA | AD61: 2º SEMESTRE
A62: =RIGHT('[1]2ª'!$A$5:$D$5,12) -> 2ª SÉRIE E.F | B62: 6 | C62: ='2ª'!$B11 -> 0 | D62: ='2ª'!$C11 -> 0 | E62: ='2ª'!$D11 -> 0 | F62: ='2ª'!$E11 | G62: ='2ª'!$F11 -> 0 | H62: ='2ª'!$G11 -> 0 | I62: ='2ª'!$H11 -> 0 | K62: ='2ª'!$I11 -> 0 | L62: ='2ª'!$J11 | N62: ='2ª'!$K11 | P62: 19:00 às 23:00 | Q62: Terça e Quinta-feira 19h00 - 20h00 | R62: ='2ª'!L11 -> Não | S62: ='2ª'!M11 -> Eliane | T62: ='2ª'!N11 -> - | U62: ='2ª'!O11 -> - | V62: ='2ª'!P11 -> - | W62: ='2ª'!Q11 -> - | X62: ='2ª'!R11 -> - | Y62: ='2ª'!S11 -> - | ... AA62: ='2ª'!U11 -> 0 | AB62: 2ª série EJA | AD62: 2º SEMESTRE
A63: =RIGHT('[1]2ª'!$A$5:$D$5,12) -> 2ª SÉRIE E.F | B63: 7 | C63: ='2ª'!$B12 -> 0 | D63: ='2ª'!$C12 -> 0 | E63: ='2ª'!$D12 -> 0 | F63: ='2ª'!$E12 | G63: ='2ª'!$F12 -> 0 | H63: ='2ª'!$G12 -> 0 | I63: ='2ª'!$H12 -> 0 | K63: ='2ª'!$I12 -> 0 | L63: ='2ª'!$J12 | N63: ='2ª'!$K12 | P63: 19:00 às 23:00 | Q63: Terça e Quinta-feira 19h00 - 20h00 | R63: ='2ª'!L12 -> Não | S63: ='2ª'!M12 -> Eliane | T63: ='2ª'!N12 -> - | U63: ='2ª'!O12 -> - | V63: ='2ª'!P12 -> - | W63: ='2ª'!Q12 -> - | X63: ='2ª'!R12 -> - | Y63: ='2ª'!S12 -> - | ... AA63: ='2ª'!U12 -> 0 | AB63: 2ª série EJA | AD63: 2º SEMESTRE
A64: =RIGHT('[1]2ª'!$A$5:$D$5,12) -> 2ª SÉRIE E.F | B64: 8 | C64: ='2ª'!$B13 -> 0 | D64: ='2ª'!$C13 -> 0 | E64: ='2ª'!$D13 -> 0 | F64: ='2ª'!$E13 | G64: ='2ª'!$F13 -> 0 | H64: ='2ª'!$G13 -> 0 | I64: ='2ª'!$H13 -> 0 | K64: ='2ª'!$I13 -> 0 | L64: ='2ª'!$J13 | N64: ='2ª'!$K13 | P64: 19:00 às 23:00 | Q64: Terça e Quinta-feira 19h00 - 20h00 | R64: ='2ª'!L13 -> Não | S64: ='2ª'!M13 -> Eliane | T64: ='2ª'!N13 -> - | U64: ='2ª'!O13 -> - | V64: ='2ª'!P13 -> - | W64: ='2ª'!Q13 -> - | X64: ='2ª'!R13 -> - | Y64: ='2ª'!S13 -> - | ... AA64: ='2ª'!U13 -> 0 | AB64: 2ª série EJA | AD64: 2º SEMESTRE
A65: =RIGHT('[1]2ª'!$A$5:$D$5,12) -> 2ª SÉRIE E.F | B65: 9 | C65: ='2ª'!$B14 -> 0 | D65: ='2ª'!$C14 -> 0 | E65: ='2ª'!$D14 -> 0 | F65: ='2ª'!$E14 | G65: ='2ª'!$F14 -> 0 | H65: ='2ª'!$G14 -> 0 | I65: ='2ª'!$H14 -> 0 | K65: ='2ª'!$I14 -> 0 | L65: ='2ª'!$J14 | N65: ='2ª'!$K14 | P65: 19:00 às 23:00 | Q65: Terça e Quinta-feira 19h00 - 20h00 | R65: ='2ª'!L14 -> Não | S65: ='2ª'!M14 -> Eliane | T65: ='2ª'!N14 -> - | U65: ='2ª'!O14 -> - | V65: ='2ª'!P14 -> - | W65: ='2ª'!Q14 -> - | X65: ='2ª'!R14 -> - | Y65: ='2ª'!S14 -> - | ... AA65: ='2ª'!U14 -> 0 | AB65: 2ª série EJA | AD65: 2º SEMESTRE
A66: =RIGHT('[1]2ª'!$A$5:$D$5,12) -> 2ª SÉRIE E.F | B66: 10 | C66: ='2ª'!$B15 -> 0 | D66: ='2ª'!$C15 -> 0 | E66: ='2ª'!$D15 -> 0 | F66: ='2ª'!$E15 | G66: ='2ª'!$F15 -> 0 | H66: ='2ª'!$G15 -> 0 | I66: ='2ª'!$H15 -> 0 | K66: ='2ª'!$I15 -> 0 | L66: ='2ª'!$J15 | N66: ='2ª'!$K15 | P66: 19:00 às 23:00 | Q66: Terça e Quinta-feira 19h00 - 20h00 | R66: ='2ª'!L15 -> Não | S66: ='2ª'!M15 -> Eliane | T66: ='2ª'!N15 -> - | U66: ='2ª'!O15 -> - | V66: ='2ª'!P15 -> - | W66: ='2ª'!Q15 -> - | X66: ='2ª'!R15 -> - | Y66: ='2ª'!S15 -> - | ... AA66: ='2ª'!U15 -> 0 | AB66: 2ª série EJA | AD66: 2º SEMESTRE
A67: =RIGHT('[1]2ª'!$A$5:$D$5,12) -> 2ª SÉRIE E.F | B67: 11 | C67: ='2ª'!$B16 -> 0 | D67: ='2ª'!$C16 -> 0 | E67: ='2ª'!$D16 -> 0 | F67: ='2ª'!$E16 | G67: ='2ª'!$F16 -> 0 | H67: ='2ª'!$G16 -> 0 | I67: ='2ª'!$H16 -> 0 | K67: ='2ª'!$I16 -> 0 | L67: ='2ª'!$J16 | N67: ='2ª'!$K16 | P67: 19:00 às 23:00 | Q67: Terça e Quinta-feira 19h00 - 20h00 | R67: ='2ª'!L16 -> Não | S67: ='2ª'!M16 -> Eliane | T67: ='2ª'!N16 -> - | U67: ='2ª'!O16 -> - | V67: ='2ª'!P16 -> - | W67: ='2ª'!Q16 -> - | X67: ='2ª'!R16 -> - | Y67: ='2ª'!S16 -> - | ... AA67: ='2ª'!U16 -> 0 | AB67: 2ª série EJA | AD67: 2º SEMESTRE
A68: =RIGHT('[1]2ª'!$A$5:$D$5,12) -> 2ª SÉRIE E.F | B68: 12 | C68: ='2ª'!$B17 -> 0 | D68: ='2ª'!$C17 -> 0 | E68: ='2ª'!$D17 -> 0 | F68: ='2ª'!$E17 | G68: ='2ª'!$F17 -> 0 | H68: ='2ª'!$G17 -> 0 | I68: ='2ª'!$H17 -> 0 | K68: ='2ª'!$I17 -> 0 | L68: ='2ª'!$J17 | N68: ='2ª'!$K17 | P68: 19:00 às 23:00 | Q68: Terça e Quinta-feira 19h00 - 20h00 | R68: ='2ª'!L17 -> Não | S68: ='2ª'!M17 -> Eliane | T68: ='2ª'!N17 -> - | U68: ='2ª'!O17 -> - | V68: ='2ª'!P17 -> - | W68: ='2ª'!Q17 -> - | X68: ='2ª'!R17 -> - | Y68: ='2ª'!S17 -> - | ... AA68: ='2ª'!U17 -> 0 | AB68: 2ª série EJA | AD68: 2º SEMESTRE
A69: =RIGHT('[1]2ª'!$A$5:$D$5,12) -> 2ª SÉRIE E.F | B69: 13 | C69: ='2ª'!$B18 -> 0 | D69: ='2ª'!$C18 -> 0 | E69: ='2ª'!$D18 -> 0 | F69: ='2ª'!$E18 | G69: ='2ª'!$F18 -> 0 | H69: ='2ª'!$G18 -> 0 | I69: ='2ª'!$H18 -> 0 | K69: ='2ª'!$I18 -> 0 | L69: ='2ª'!$J18 | N69: ='2ª'!$K18 | P69: 19:00 às 23:00 | Q69: Terça e Quinta-feira 19h00 - 20h00 | R69: ='2ª'!L18 -> Não | S69: ='2ª'!M18 -> Eliane | T69: ='2ª'!N18 -> - | U69: ='2ª'!O18 -> - | V69: ='2ª'!P18 -> - | W69: ='2ª'!Q18 -> - | X69: ='2ª'!R18 -> - | Y69: ='2ª'!S18 -> - | ... AA69: ='2ª'!U18 -> 0 | AB69: 2ª série EJA | AD69: 2º SEMESTRE
A70: =RIGHT('[1]2ª'!$A$5:$D$5,12) -> 2ª SÉRIE E.F | B70: 14 | C70: ='2ª'!$B19 -> 0 | D70: ='2ª'!$C19 -> 0 | E70: ='2ª'!$D19 -> 0 | F70: ='2ª'!$E19 | G70: ='2ª'!$F19 -> 0 | H70: ='2ª'!$G19 -> 0 | I70: ='2ª'!$H19 -> 0 | K70: ='2ª'!$I19 -> 0 | L70: ='2ª'!$J19 | N70: ='2ª'!$K19 | P70: 19:00 às 23:00 | Q70: Terça e Quinta-feira 19h00 - 20h00 | R70: ='2ª'!L19 -> Não | S70: ='2ª'!M19 -> Eliane | T70: ='2ª'!N19 -> - | U70: ='2ª'!O19 -> - | V70: ='2ª'!P19 -> - | W70: ='2ª'!Q19 -> - | X70: ='2ª'!R19 -> - | Y70: ='2ª'!S19 -> - | ... AA70: ='2ª'!U19 -> 0 | AB70: 2ª série EJA | AD70: 2º SEMESTRE
... A111: =RIGHT('[1]2ª'!$A$5:$D$5,12) -> 2ª SÉRIE E.F | B111: 55 | C111: ='2ª'!$B60 -> 0 | D111: ='2ª'!$C60 -> 0 | E111: ='2ª'!$D60 -> 0 | F111: ='2ª'!$E60 -> 0 | G111: ='2ª'!$F60 -> 0 | H111: ='2ª'!$G60 -> 0 | I111: ='2ª'!$H60 -> 0 | K111: ='2ª'!$I60 -> 0 | L111: ='2ª'!$J60 -> 0 | N111: ='2ª'!$K60 -> 0 | P111: 19:00 às 23:00 | Q111: Terça e Quinta-feira 19h00 - 20h00 | R111: ='2ª'!L60 -> 0 | S111: ='2ª'!M60 -> 0 | T111: ='2ª'!N60 -> 0 | U111: ='2ª'!O60 -> 0 | V111: ='2ª'!P60 -> 0 | W111: ='2ª'!Q60 -> 0 | X111: ='2ª'!R60 -> 0 | Y111: ='2ª'!S60 -> 0 | ... AA111: ='2ª'!U60 -> 0 | AB111: 2ª série EJA | AD111: 2º SEMESTRE
A112: =RIGHT('[1]3ª'!$A$5:$D$5,12) -> 3ª SÉRIE E.F | B112: 1 | C112: ='3ª'!$B7 -> 18767 | D112: ='3ª'!$C7 -> CLAUDEMIR JOSE DE AMORIM | E112: ='3ª'!$D7 -> M | F112: ='3ª'!$E7 -> MA | G112: ='3ª'!$F7 -> 24673 | H112: ='3ª'!$G7 -> 0 | I112: ='3ª'!$H7 -> 69889673-7 | K112: ='3ª'!$I7 -> 0 | L112: ='3ª'!$J7 -> DISP.IDADE | N112: ='3ª'!$K7 -> 58 | P112: 19:00 às 23:00 | Q112: Terça e Quinta-feira 19h00 - 20h00 | R112: ='3ª'!$L7 -> Não | S112: ='3ª'!$M7 -> Eliane | T112: ='3ª'!$N7 -> - | U112: ='3ª'!$O7 -> - | V112: ='3ª'!$P7 -> - | W112: ='3ª'!$Q7 -> - | X112: ='3ª'!$R7 -> - | Y112: ='3ª'!$S7 -> - | Z112: ='3ª'!$T7 -> 0 | AA112: ='3ª'!$U7 -> 0 | AB112: 3ª série EJA | AD112: 2º SEMESTRE
A113: =RIGHT('[1]3ª'!$A$5:$D$5,12) -> 3ª SÉRIE E.F | B113: 2 | C113: ='3ª'!$B8 -> 18837 | D113: ='3ª'!$C8 -> DIEGO RYAN SANTOS DE ALCANTARA | E113: ='3ª'!$D8 -> M | F113: ='3ª'!$E8 -> MA | G113: ='3ª'!$F8 -> 40045 | H113: ='3ª'!$G8 -> 111223789-6 | I113: ='3ª'!$H8 -> 0 | K113: ='3ª'!$I8 -> 0 | L113: ='3ª'!$J8 | N113: ='3ª'!$K8 -> 16 | P113: 19:00 às 23:00 | Q113: Terça e Quinta-feira 19h00 - 20h00 | R113: ='3ª'!$L8 -> Não | S113: ='3ª'!$M8 -> Eliane | T113: ='3ª'!$N8 -> - | U113: ='3ª'!$O8 -> - | V113: ='3ª'!$P8 -> - | W113: ='3ª'!$Q8 -> - | X113: ='3ª'!$R8 -> - | Y113: ='3ª'!$S8 -> - | Z113: ='3ª'!$T8 -> 0 | AA113: ='3ª'!$U8 -> 0 | AB113: 3ª série EJA | AD113: 2º SEMESTRE
A114: =RIGHT('[1]3ª'!$A$5:$D$5,12) -> 3ª SÉRIE E.F | B114: 3 | C114: ='3ª'!$B9 -> 17989 | D114: ='3ª'!$C9 -> ELISA DA COSTA BARRETO | E114: ='3ª'!$D9 -> F | F114: ='3ª'!$E9 -> MC | G114: ='3ª'!$F9 -> 24447 | H114: ='3ª'!$G9 -> 124351785-2 | I114: ='3ª'!$H9 -> 52171529-5 | K114: ='3ª'!$I9 -> MC - 20/08 | L114: ='3ª'!$J9 -> DISP.IDADE | N114: ='3ª'!$K9 -> 58 | P114: 19:00 às 23:00 | Q114: Terça e Quinta-feira 19h00 - 20h00 | R114: ='3ª'!$L9 -> Não | S114: ='3ª'!$M9 -> Eliane | T114: ='3ª'!$N9 -> - | U114: ='3ª'!$O9 -> - | V114: ='3ª'!$P9 -> - | W114: ='3ª'!$Q9 -> - | X114: ='3ª'!$R9 -> - | Y114: ='3ª'!$S9 -> - | Z114: ='3ª'!$T9 -> Sem Informação | AA114: ='3ª'!$U9 -> MC por Solicitação do Responsavel | AB114: 3ª série EJA | AD114: 2º SEMESTRE
A115: =RIGHT('[1]3ª'!$A$5:$D$5,12) -> 3ª SÉRIE E.F | B115: 4 | C115: ='3ª'!$B10 -> 18839 | D115: ='3ª'!$C10 -> JOSE MIGUEL DA SILVA FILHO | E115: ='3ª'!$D10 -> M | F115: ='3ª'!$E10 -> MA | G115: ='3ª'!$F10 -> 26939 | H115: ='3ª'!$G10 -> 0 | I115: ='3ª'!$H10 -> 26885705 | K115: ='3ª'!$I10 -> 0 | L115: ='3ª'!$J10 -> DISP.IDADE | N115: ='3ª'!$K10 -> 51 | P115: 19:00 às 23:00 | Q115: Terça e Quinta-feira 19h00 - 20h00 | R115: ='3ª'!$L10 -> Não | S115: ='3ª'!$M10 -> Eliane | T115: ='3ª'!$N10 -> - | U115: ='3ª'!$O10 -> - | V115: ='3ª'!$P10 -> - | W115: ='3ª'!$Q10 -> - | X115: ='3ª'!$R10 -> - | Y115: ='3ª'!$S10 -> - | Z115: ='3ª'!$T10 -> 0 | AA115: ='3ª'!$U10 -> 0 | AB115: 3ª série EJA | AD115: 2º SEMESTRE
A116: =RIGHT('[1]3ª'!$A$5:$D$5,12) -> 3ª SÉRIE E.F | B116: 5 | C116: ='3ª'!$B11 -> 18357 | D116: ='3ª'!$C11 -> JOSETE FERREIRA DAMIAO DA SILVA | E116: ='3ª'!$D11 -> F | F116: ='3ª'!$E11 -> MC | G116: ='3ª'!$F11 -> 23056 | H116: ='3ª'!$G11 -> 0 | I116: ='3ª'!$H11 -> 67130928-6 | K116: ='3ª'!$I11 -> MC - 05/08 | L116: ='3ª'!$J11 -> DISP.IDADE | N116: ='3ª'!$K11 -> 62 | P116: 19:00 às 23:00 | Q116: Terça e Quinta-feira 19h00 - 20h00 | R116: ='3ª'!$L11 -> Não | S116: ='3ª'!$M11 -> Eliane | T116: ='3ª'!$N11 -> - | U116: ='3ª'!$O11 -> - | V116: ='3ª'!$P11 -> - | W116: ='3ª'!$Q11 -> - | X116: ='3ª'!$R11 -> - | Y116: ='3ª'!$S11 -> - | Z116: ='3ª'!$T11 -> Sem Informação | AA116: ='3ª'!$U11 -> MC por Solicitação do Responsavel | AB116: 3ª série EJA | AD116: 2º SEMESTRE
A117: =RIGHT('[1]3ª'!$A$5:$D$5,12) -> 3ª SÉRIE E.F | B117: 6 | C117: ='3ª'!$B12 -> 18747 | D117: ='3ª'!$C12 -> MARIA LUCIA LEITE DE OLIVEIRA | E117: ='3ª'!$D12 -> F | F117: ='3ª'!$E12 -> MA | G117: ='3ª'!$F12 -> 21869 | H117: ='3ª'!$G12 -> 0 | I117: ='3ª'!$H12 -> 131542312 | K117: ='3ª'!$I12 -> 0 | L117: ='3ª'!$J12 -> DISP.IDADE | N117: ='3ª'!$K12 -> 65 | P117: 19:00 às 23:00 | Q117: Terça e Quinta-feira 19h00 - 20h00 | R117: ='3ª'!$L12 -> Não | S117: ='3ª'!$M12 -> Eliane | T117: ='3ª'!$N12 -> - | U117: ='3ª'!$O12 -> - | V117: ='3ª'!$P12 -> - | W117: ='3ª'!$Q12 -> - | X117: ='3ª'!$R12 -> - | Y117: ='3ª'!$S12 -> - | Z117: ='3ª'!$T12 -> 0 | AA117: ='3ª'!$U12 -> 0 | AB117: 3ª série EJA | AD117: 2º SEMESTRE
A118: =RIGHT('[1]3ª'!$A$5:$D$5,12) -> 3ª SÉRIE E.F | B118: 7 | C118: ='3ª'!$B13 -> 18906 | D118: ='3ª'!$C13 -> MYKAELLY CRISTINA CARVALHO CAMPOS | E118: ='3ª'!$D13 -> F | F118: ='3ª'!$E13 -> MA | G118: ='3ª'!$F13 -> 40161 | H118: ='3ª'!$G13 -> 113758780-5 | I118: ='3ª'!$H13 -> 0 | K118: ='3ª'!$I13 -> 0 | L118: ='3ª'!$J13 | N118: ='3ª'!$K13 -> 15 | P118: 19:00 às 23:00 | Q118: Terça e Quinta-feira 19h00 - 20h00 | R118: ='3ª'!$L13 -> Não | S118: ='3ª'!$M13 -> Eliane | T118: ='3ª'!$N13 -> - | U118: ='3ª'!$O13 -> - | V118: ='3ª'!$P13 -> - | W118: ='3ª'!$Q13 -> - | X118: ='3ª'!$R13 -> - | Y118: ='3ª'!$S13 -> - | Z118: ='3ª'!$T13 -> 0 | AA118: ='3ª'!$U13 -> 0 | AB118: 3ª série EJA | AD118: 2º SEMESTRE
A119: =RIGHT('[1]3ª'!$A$5:$D$5,12) -> 3ª SÉRIE E.F | B119: 8 | C119: ='3ª'!$B14 -> 0 | D119: ='3ª'!$C14 -> 0 | E119: ='3ª'!$D14 -> 0 | F119: ='3ª'!$E14 | G119: ='3ª'!$F14 -> 0 | H119: ='3ª'!$G14 -> 0 | I119: ='3ª'!$H14 -> 0 | K119: ='3ª'!$I14 -> 0 | L119: ='3ª'!$J14 | N119: ='3ª'!$K14 | P119: 19:00 às 23:00 | Q119: Terça e Quinta-feira 19h00 - 20h00 | R119: ='3ª'!$L14 -> Não | S119: ='3ª'!$M14 -> Eliane | T119: ='3ª'!$N14 -> - | U119: ='3ª'!$O14 -> - | V119: ='3ª'!$P14 -> - | W119: ='3ª'!$Q14 -> - | X119: ='3ª'!$R14 -> - | Y119: ='3ª'!$S14 -> - | Z119: ='3ª'!$T14 -> 0 | AA119: ='3ª'!$U14 -> 0 | AB119: 3ª série EJA | AD119: 2º SEMESTRE
A120: =RIGHT('[1]3ª'!$A$5:$D$5,12) -> 3ª SÉRIE E.F | B120: 9 | C120: ='3ª'!$B15 -> 0 | D120: ='3ª'!$C15 -> 0 | E120: ='3ª'!$D15 -> 0 | F120: ='3ª'!$E15 | G120: ='3ª'!$F15 -> 0 | H120: ='3ª'!$G15 -> 0 | I120: ='3ª'!$H15 -> 0 | K120: ='3ª'!$I15 -> 0 | L120: ='3ª'!$J15 | N120: ='3ª'!$K15 | P120: 19:00 às 23:00 | Q120: Terça e Quinta-feira 19h00 - 20h00 | R120: ='3ª'!$L15 -> Não | S120: ='3ª'!$M15 -> Eliane | T120: ='3ª'!$N15 -> - | U120: ='3ª'!$O15 -> - | V120: ='3ª'!$P15 -> - | W120: ='3ª'!$Q15 -> - | X120: ='3ª'!$R15 -> - | Y120: ='3ª'!$S15 -> - | Z120: ='3ª'!$T15 -> 0 | AA120: ='3ª'!$U15 -> 0 | AB120: 3ª série EJA | AD120: 2º SEMESTRE
A121: =RIGHT('[1]3ª'!$A$5:$D$5,12) -> 3ª SÉRIE E.F | B121: 10 | C121: ='3ª'!$B16 -> 0 | D121: ='3ª'!$C16 -> 0 | E121: ='3ª'!$D16 -> 0 | F121: ='3ª'!$E16 | G121: ='3ª'!$F16 -> 0 | H121: ='3ª'!$G16 -> 0 | I121: ='3ª'!$H16 -> 0 | K121: ='3ª'!$I16 -> 0 | L121: ='3ª'!$J16 | N121: ='3ª'!$K16 | P121: 19:00 às 23:00 | Q121: Terça e Quinta-feira 19h00 - 20h00 | R121: ='3ª'!$L16 -> Não | S121: ='3ª'!$M16 -> Eliane | T121: ='3ª'!$N16 -> - | U121: ='3ª'!$O16 -> - | V121: ='3ª'!$P16 -> - | W121: ='3ª'!$Q16 -> - | X121: ='3ª'!$R16 -> - | Y121: ='3ª'!$S16 -> - | Z121: ='3ª'!$T16 -> 0 | AA121: ='3ª'!$U16 -> 0 | AB121: 3ª série EJA | AD121: 2º SEMESTRE
A122: =RIGHT('[1]3ª'!$A$5:$D$5,12) -> 3ª SÉRIE E.F | B122: 11 | C122: ='3ª'!$B17 -> 0 | D122: ='3ª'!$C17 -> 0 | E122: ='3ª'!$D17 -> 0 | F122: ='3ª'!$E17 | G122: ='3ª'!$F17 -> 0 | H122: ='3ª'!$G17 -> 0 | I122: ='3ª'!$H17 -> 0 | K122: ='3ª'!$I17 -> 0 | L122: ='3ª'!$J17 | N122: ='3ª'!$K17 | P122: 19:00 às 23:00 | Q122: Terça e Quinta-feira 19h00 - 20h00 | R122: ='3ª'!$L17 -> Não | S122: ='3ª'!$M17 -> Eliane | T122: ='3ª'!$N17 -> - | U122: ='3ª'!$O17 -> - | V122: ='3ª'!$P17 -> - | W122: ='3ª'!$Q17 -> - | X122: ='3ª'!$R17 -> - | Y122: ='3ª'!$S17 -> - | Z122: ='3ª'!$T17 -> 0 | AA122: ='3ª'!$U17 -> 0 | AB122: 3ª série EJA | AD122: 2º SEMESTRE
A123: =RIGHT('[1]3ª'!$A$5:$D$5,12) -> 3ª SÉRIE E.F | B123: 12 | C123: ='3ª'!$B18 -> 0 | D123: ='3ª'!$C18 -> 0 | E123: ='3ª'!$D18 -> 0 | F123: ='3ª'!$E18 | G123: ='3ª'!$F18 -> 0 | H123: ='3ª'!$G18 -> 0 | I123: ='3ª'!$H18 -> 0 | K123: ='3ª'!$I18 -> 0 | L123: ='3ª'!$J18 | N123: ='3ª'!$K18 | P123: 19:00 às 23:00 | Q123: Terça e Quinta-feira 19h00 - 20h00 | R123: ='3ª'!$L18 -> Não | S123: ='3ª'!$M18 -> Eliane | T123: ='3ª'!$N18 -> - | U123: ='3ª'!$O18 -> - | V123: ='3ª'!$P18 -> - | W123: ='3ª'!$Q18 -> - | X123: ='3ª'!$R18 -> - | Y123: ='3ª'!$S18 -> - | Z123: ='3ª'!$T18 -> 0 | AA123: ='3ª'!$U18 -> 0 | AB123: 3ª série EJA | AD123: 2º SEMESTRE
... A166: =RIGHT('[1]3ª'!$A$5:$D$5,12) -> 3ª SÉRIE E.F | B166: 55 | C166: ='3ª'!$B61 -> 0 | D166: ='3ª'!$C61 -> 0 | E166: ='3ª'!$D61 -> 0 | F166: ='3ª'!$E61 -> 0 | G166: ='3ª'!$F61 -> 0 | H166: ='3ª'!$G61 -> 0 | I166: ='3ª'!$H61 -> 0 | K166: ='3ª'!$I61 -> 0 | L166: ='3ª'!$J61 -> 0 | N166: ='3ª'!$K61 -> 0 | P166: 19:00 às 23:00 | Q166: Terça e Quinta-feira 19h00 - 20h00 | R166: ='3ª'!$L61 -> 0 | S166: ='3ª'!$M61 -> 0 | T166: ='3ª'!$N61 -> 0 | U166: ='3ª'!$O61 -> 0 | V166: ='3ª'!$P61 -> 0 | W166: ='3ª'!$Q61 -> 0 | X166: ='3ª'!$R61 -> 0 | Y166: ='3ª'!$S61 -> 0 | Z166: ='3ª'!$T61 -> 0 | AA166: ='3ª'!$U61 -> 0 | AB166: 3ª série EJA | AD166: 2º SEMESTRE
A167: =RIGHT('[1]4ª'!$A$5:$D$5,12) -> 4ª SÉRIE E.F | B167: 1 | C167: ='4ª'!$B7 -> 18844 | D167: ='4ª'!$C7 -> DEBORA CRISTINA GOIS | E167: ='4ª'!$D7 -> F | F167: ='4ª'!$E7 -> MA | G167: ='4ª'!$F7 -> 27676 | H167: ='4ª'!$G7 -> 0 | I167: ='4ª'!$H7 -> 24.175.609-1 | K167: ='4ª'!$I7 -> 0 | L167: ='4ª'!$J7 -> DISP.IDADE | N167: ='4ª'!$K7 -> 49 | P167: 19:00 às 23:00 | Q167: Terça e Quinta-feira 19h00 - 20h00 | R167: ='4ª'!$L7 -> Não | S167: ='4ª'!$M7 -> Eliane | T167: ='4ª'!$N7 -> - | U167: ='4ª'!$O7 -> - | V167: ='4ª'!$P7 -> - | W167: ='4ª'!$Q7 -> - | X167: ='4ª'!$R7 -> - | Y167: ='4ª'!$S7 -> - | Z167: ='4ª'!$T7 -> 0 | AA167: ='4ª'!$U7 -> 0 | AB167: 4ª série EJA | AD167: 2º SEMESTRE
A168: =RIGHT('[1]4ª'!$A$5:$D$5,12) -> 4ª SÉRIE E.F | B168: 2 | C168: ='4ª'!$B8 -> 18903 | D168: ='4ª'!$C8 -> EDUARDO PEREIRA DA SILVA | E168: ='4ª'!$D8 -> M | F168: ='4ª'!$E8 -> MA | G168: ='4ª'!$F8 -> 29004 | H168: ='4ª'!$G8 -> 0 | I168: ='4ª'!$H8 -> 0 | K168: ='4ª'!$I8 -> 0 | L168: ='4ª'!$J8 -> DISP.IDADE | N168: ='4ª'!$K8 -> 46 | P168: 19:00 às 23:00 | Q168: Terça e Quinta-feira 19h00 - 20h00 | R168: ='4ª'!$L8 -> Não | S168: ='4ª'!$M8 -> Eliane | T168: ='4ª'!$N8 -> - | U168: ='4ª'!$O8 -> - | V168: ='4ª'!$P8 -> - | W168: ='4ª'!$Q8 -> - | X168: ='4ª'!$R8 -> - | Y168: ='4ª'!$S8 -> - | Z168: ='4ª'!$T8 -> 0 | AA168: ='4ª'!$U8 -> 0 | AB168: 4ª série EJA | AD168: 2º SEMESTRE
A169: =RIGHT('[1]4ª'!$A$5:$D$5,12) -> 4ª SÉRIE E.F | B169: 3 | C169: ='4ª'!$B9 -> 15909 | D169: ='4ª'!$C9 -> ELISANGELA VIANA DOS SANTOS | E169: ='4ª'!$D9 -> F | F169: ='4ª'!$E9 -> MC | G169: ='4ª'!$F9 -> 30299 | H169: ='4ª'!$G9 -> 105910197-X | I169: ='4ª'!$H9 -> 36042775-3 | K169: ='4ª'!$I9 -> MC - 30/09 | L169: ='4ª'!$J9 -> DISP.IDADE | N169: ='4ª'!$K9 -> 42 | P169: 19:00 às 23:00 | Q169: Terça e Quinta-feira 19h00 - 20h00 | R169: ='4ª'!$L9 -> Não | S169: ='4ª'!$M9 -> Eliane | T169: ='4ª'!$N9 -> - | U169: ='4ª'!$O9 -> - | V169: ='4ª'!$P9 -> - | W169: ='4ª'!$Q9 -> - | X169: ='4ª'!$R9 -> - | Y169: ='4ª'!$S9 -> - | Z169: ='4ª'!$T9 -> 0 | AA169: ='4ª'!$U9 -> 0 | AB169: 4ª série EJA | AD169: 2º SEMESTRE
A170: =RIGHT('[1]4ª'!$A$5:$D$5,12) -> 4ª SÉRIE E.F | B170: 4 | C170: ='4ª'!$B10 -> 18910 | D170: ='4ª'!$C10 -> JOÃO VITHOR ANDRADE BARBOSA | E170: ='4ª'!$D10 -> M | F170: ='4ª'!$E10 -> MA | G170: ='4ª'!$F10 -> 40311 | H170: ='4ª'!$G10 -> 1111887470 | I170: ='4ª'!$H10 -> 0 | K170: ='4ª'!$I10 -> 0 | L170: ='4ª'!$J10 | N170: ='4ª'!$K10 -> 15 | P170: 19:00 às 23:00 | Q170: Terça e Quinta-feira 19h00 - 20h00 | R170: ='4ª'!$L10 -> Não | S170: ='4ª'!$M10 -> Eliane | T170: ='4ª'!$N10 -> - | U170: ='4ª'!$O10 -> - | V170: ='4ª'!$P10 -> - | W170: ='4ª'!$Q10 -> - | X170: ='4ª'!$R10 -> - | Y170: ='4ª'!$S10 -> - | Z170: ='4ª'!$T10 -> 0 | AA170: ='4ª'!$U10 -> 0 | AB170: 4ª série EJA | AD170: 2º SEMESTRE
A171: =RIGHT('[1]4ª'!$A$5:$D$5,12) -> 4ª SÉRIE E.F | B171: 5 | C171: ='4ª'!$B11 -> 15109 | D171: ='4ª'!$C11 -> JOEL SILVA SANTOS | E171: ='4ª'!$D11 -> M | F171: ='4ª'!$E11 -> MC | G171: ='4ª'!$F11 -> 20529 | H171: ='4ª'!$G11 -> 116443134-1 | I171: ='4ª'!$H11 -> 52316564-X | K171: ='4ª'!$I11 -> MC - 14/07 | L171: ='4ª'!$J11 -> DISP.IDADE | N171: ='4ª'!$K11 -> 69 | P171: 19:00 às 23:00 | Q171: Terça e Quinta-feira 19h00 - 20h00 | R171: ='4ª'!$L11 -> Não | S171: ='4ª'!$M11 -> Eliane | T171: ='4ª'!$N11 -> - | U171: ='4ª'!$O11 -> - | V171: ='4ª'!$P11 -> - | W171: ='4ª'!$Q11 -> - | X171: ='4ª'!$R11 -> - | Y171: ='4ª'!$S11 -> - | Z171: ='4ª'!$T11 -> Sem Informação | AA171: ='4ª'!$U11 -> Solicitação do Aluno/Responsável | AB171: 4ª série EJA | AD171: 2º SEMESTRE
A172: =RIGHT('[1]4ª'!$A$5:$D$5,12) -> 4ª SÉRIE E.F | B172: 6 | C172: ='4ª'!$B12 -> 16431 | D172: ='4ª'!$C12 -> JOSE EDUARDO DA SILVA | E172: ='4ª'!$D12 -> M | F172: ='4ª'!$E12 -> MA | G172: ='4ª'!$F12 -> 25052 | H172: ='4ª'!$G12 -> 0 | I172: ='4ª'!$H12 -> 35247676-X | K172: ='4ª'!$I12 -> 0 | L172: ='4ª'!$J12 -> DISP.IDADE | N172: ='4ª'!$K12 -> 57 | P172: 19:00 às 23:00 | Q172: Terça e Quinta-feira 19h00 - 20h00 | R172: ='4ª'!$L12 -> Não | S172: ='4ª'!$M12 -> Eliane | T172: ='4ª'!$N12 -> - | U172: ='4ª'!$O12 -> - | V172: ='4ª'!$P12 -> - | W172: ='4ª'!$Q12 -> - | X172: ='4ª'!$R12 -> - | Y172: ='4ª'!$S12 -> - | Z172: ='4ª'!$T12 -> 0 | AA172: ='4ª'!$U12 -> 0 | AB172: 4ª série EJA | AD172: 2º SEMESTRE
A173: =RIGHT('[1]4ª'!$A$5:$D$5,12) -> 4ª SÉRIE E.F | B173: 7 | C173: ='4ª'!$B13 -> 16682 | D173: ='4ª'!$C13 -> MARGARIDA BERNARDINA DOS SANTOS | E173: ='4ª'!$D13 -> F | F173: ='4ª'!$E13 -> MA | G173: ='4ª'!$F13 -> 19436 | H173: ='4ª'!$G13 -> 122047495-2 | I173: ='4ª'!$H13 -> 19716916 | K173: ='4ª'!$I13 -> 0 | L173: ='4ª'!$J13 -> DISP.IDADE | N173: ='4ª'!$K13 -> 72 | P173: 19:00 às 23:00 | Q173: Terça e Quinta-feira 19h00 - 20h00 | R173: ='4ª'!$L13 -> Não | S173: ='4ª'!$M13 -> Eliane | T173: ='4ª'!$N13 -> - | U173: ='4ª'!$O13 -> - | V173: ='4ª'!$P13 -> - | W173: ='4ª'!$Q13 -> - | X173: ='4ª'!$R13 -> - | Y173: ='4ª'!$S13 -> - | Z173: ='4ª'!$T13 -> 0 | AA173: ='4ª'!$U13 -> 0 | AB173: 4ª série EJA | AD173: 2º SEMESTRE
A174: =RIGHT('[1]4ª'!$A$5:$D$5,12) -> 4ª SÉRIE E.F | B174: 8 | C174: ='4ª'!$B14 -> 18899 | D174: ='4ª'!$C14 -> NADIR ESPINDOLA DA SILVA | E174: ='4ª'!$D14 -> F | F174: ='4ª'!$E14 -> MA | G174: ='4ª'!$F14 -> 17179 | H174: ='4ª'!$G14 -> 0 | I174: ='4ª'!$H14 -> 8400889-1 | K174: ='4ª'!$I14 -> 0 | L174: ='4ª'!$J14 -> DISP.IDADE | N174: ='4ª'!$K14 -> 78 | P174: 19:00 às 23:00 | Q174: Terça e Quinta-feira 19h00 - 20h00 | R174: ='4ª'!$L14 -> Não | S174: ='4ª'!$M14 -> Eliane | T174: ='4ª'!$N14 -> - | U174: ='4ª'!$O14 -> - | V174: ='4ª'!$P14 -> - | W174: ='4ª'!$Q14 -> - | X174: ='4ª'!$R14 -> - | Y174: ='4ª'!$S14 -> - | Z174: ='4ª'!$T14 -> 0 | AA174: ='4ª'!$U14 -> 0 | AB174: 4ª série EJA | AD174: 2º SEMESTRE
A175: =RIGHT('[1]4ª'!$A$5:$D$5,12) -> 4ª SÉRIE E.F | B175: 9 | C175: ='4ª'!$B15 -> 18539 | D175: ='4ª'!$C15 -> REGINA BARBOSA DE SOUZA BATISTA | E175: ='4ª'!$D15 -> F | F175: ='4ª'!$E15 -> MA | G175: ='4ª'!$F15 -> 17784 | H175: ='4ª'!$G15 -> 0 | I175: ='4ª'!$H15 -> 5891392-0 | K175: ='4ª'!$I15 -> 0 | L175: ='4ª'!$J15 -> DISP.IDADE | N175: ='4ª'!$K15 -> 77 | P175: 19:00 às 23:00 | Q175: Terça e Quinta-feira 19h00 - 20h00 | R175: ='4ª'!$L15 -> Não | S175: ='4ª'!$M15 -> Eliane | T175: ='4ª'!$N15 -> - | U175: ='4ª'!$O15 -> - | V175: ='4ª'!$P15 -> - | W175: ='4ª'!$Q15 -> - | X175: ='4ª'!$R15 -> - | Y175: ='4ª'!$S15 -> - | Z175: ='4ª'!$T15 -> 0 | AA175: ='4ª'!$U15 -> 0 | AB175: 4ª série EJA | AD175: 2º SEMESTRE
A176: =RIGHT('[1]4ª'!$A$5:$D$5,12) -> 4ª SÉRIE E.F | B176: 10 | C176: ='4ª'!$B16 -> 18923 | D176: ='4ª'!$C16 -> ROSANGELA BORGES DE ABREU | E176: ='4ª'!$D16 -> F | F176: ='4ª'!$E16 -> MC | G176: ='4ª'!$F16 -> 29923 | H176: ='4ª'!$G16 -> 0 | I176: ='4ª'!$H16 -> 372470282 | K176: ='4ª'!$I16 -> MC - 30/09 | L176: ='4ª'!$J16 -> DISP.IDADE | N176: ='4ª'!$K16 -> 43 | P176: 19:00 às 23:00 | Q176: Terça e Quinta-feira 19h00 - 20h00 | R176: ='4ª'!$L16 -> Não | S176: ='4ª'!$M16 -> Eliane | T176: ='4ª'!$N16 -> - | U176: ='4ª'!$O16 -> - | V176: ='4ª'!$P16 -> - | W176: ='4ª'!$Q16 -> - | X176: ='4ª'!$R16 -> - | Y176: ='4ª'!$S16 -> - | Z176: ='4ª'!$T16 -> 0 | AA176: ='4ª'!$U16 -> 0 | AB176: 4ª série EJA | AD176: 2º SEMESTRE
A177: =RIGHT('[1]4ª'!$A$5:$D$5,12) -> 4ª SÉRIE E.F | B177: 11 | C177: ='4ª'!$B17 -> 10330 | D177: ='4ª'!$C17 -> SAMARA VITORIA FERREIRA SANTANA | E177: ='4ª'!$D17 -> F | F177: ='4ª'!$E17 -> MA | G177: ='4ª'!$F17 -> 37324 | H177: ='4ª'!$G17 -> 0 | I177: ='4ª'!$H17 -> 69004191-3 | K177: ='4ª'!$I17 -> 0 | L177: ='4ª'!$J17 | N177: ='4ª'!$K17 -> 23 | P177: 19:00 às 23:00 | Q177: Terça e Quinta-feira 19h00 - 20h00 | R177: ='4ª'!$L17 -> Não | S177: ='4ª'!$M17 -> Eliane | T177: ='4ª'!$N17 -> - | U177: ='4ª'!$O17 -> - | V177: ='4ª'!$P17 -> - | W177: ='4ª'!$Q17 -> - | X177: ='4ª'!$R17 -> - | Y177: ='4ª'!$S17 -> - | Z177: ='4ª'!$T17 -> 0 | AA177: ='4ª'!$U17 -> 0 | AB177: 4ª série EJA | AD177: 2º SEMESTRE
A178: =RIGHT('[1]4ª'!$A$5:$D$5,12) -> 4ª SÉRIE E.F | B178: 12 | C178: ='4ª'!#REF! -> #REF! | D178: ='4ª'!#REF! -> #REF! | E178: ='4ª'!#REF! -> #REF! | F178: ='4ª'!#REF! -> #REF! | G178: ='4ª'!#REF! -> #REF! | H178: ='4ª'!#REF! -> #REF! | I178: ='4ª'!#REF! -> #REF! | K178: ='4ª'!#REF! -> #REF! | L178: ='4ª'!#REF! -> #REF! | N178: ='4ª'!#REF! -> #REF! | P178: 19:00 às 23:00 | Q178: Terça e Quinta-feira 19h00 - 20h00 | R178: ='4ª'!#REF! -> #REF! | S178: ='4ª'!#REF! -> #REF! | T178: ='4ª'!#REF! -> #REF! | U178: ='4ª'!#REF! -> #REF! | V178: ='4ª'!#REF! -> #REF! | W178: ='4ª'!#REF! -> #REF! | X178: ='4ª'!#REF! -> #REF! | Y178: ='4ª'!#REF! -> #REF! | ... AA178: ='4ª'!#REF! -> #REF! | AB178: 4ª série EJA | AD178: 2º SEMESTRE
A179: =RIGHT('[1]4ª'!$A$5:$D$5,12) -> 4ª SÉRIE E.F | B179: 13 | C179: ='4ª'!$B19 -> 18947 | D179: ='4ª'!$C19 -> MARIA VALDENICE MAJOR SOUZA | E179: ='4ª'!$D19 -> F | F179: ='4ª'!$E19 -> MA | G179: ='4ª'!$F19 -> 24739 | H179: ='4ª'!$G19 -> 0 | I179: ='4ª'!$H19 -> 28346876-2 | K179: ='4ª'!$I19 -> 0 | L179: ='4ª'!$J19 -> DISP.IDADE | N179: ='4ª'!$K19 -> 58 | P179: 19:00 às 23:00 | Q179: Terça e Quinta-feira 19h00 - 20h00 | R179: ='4ª'!$L19 -> Não | S179: ='4ª'!$M19 -> Eliane | T179: ='4ª'!$N19 -> - | U179: ='4ª'!$O19 -> - | V179: ='4ª'!$P19 -> - | W179: ='4ª'!$Q19 -> - | X179: ='4ª'!$R19 -> - | Y179: ='4ª'!$S19 -> - | Z179: ='4ª'!$T19 -> 0 | AA179: ='4ª'!$U19 -> 0 | AB179: 4ª série EJA | AD179: 2º SEMESTRE
A180: =RIGHT('[1]4ª'!$A$5:$D$5,12) -> 4ª SÉRIE E.F | B180: 14 | C180: ='4ª'!$B20 -> 0 | D180: ='4ª'!$C20 -> 0 | E180: ='4ª'!$D20 -> 0 | F180: ='4ª'!$E20 | G180: ='4ª'!$F20 -> 0 | H180: ='4ª'!$G20 -> 0 | I180: ='4ª'!$H20 -> 0 | K180: ='4ª'!$I20 -> 0 | L180: ='4ª'!$J20 | N180: ='4ª'!$K20 | P180: 19:00 às 23:00 | Q180: Terça e Quinta-feira 19h00 - 20h00 | R180: ='4ª'!$L20 -> Não | S180: ='4ª'!$M20 -> Eliane | T180: ='4ª'!$N20 -> - | U180: ='4ª'!$O20 -> - | V180: ='4ª'!$P20 -> - | W180: ='4ª'!$Q20 -> - | X180: ='4ª'!$R20 -> - | Y180: ='4ª'!$S20 -> - | Z180: ='4ª'!$T20 -> 0 | AA180: ='4ª'!$U20 -> 0 | AB180: 4ª série EJA | AD180: 2º SEMESTRE
A181: =RIGHT('[1]4ª'!$A$5:$D$5,12) -> 4ª SÉRIE E.F | B181: 15 | C181: ='4ª'!$B21 -> 0 | D181: ='4ª'!$C21 -> 0 | E181: ='4ª'!$D21 -> 0 | F181: ='4ª'!$E21 | G181: ='4ª'!$F21 -> 0 | H181: ='4ª'!$G21 -> 0 | I181: ='4ª'!$H21 -> 0 | K181: ='4ª'!$I21 -> 0 | L181: ='4ª'!$J21 | N181: ='4ª'!$K21 | P181: 19:00 às 23:00 | Q181: Terça e Quinta-feira 19h00 - 20h00 | R181: ='4ª'!$L21 -> Não | S181: ='4ª'!$M21 -> Eliane | T181: ='4ª'!$N21 -> - | U181: ='4ª'!$O21 -> - | V181: ='4ª'!$P21 -> - | W181: ='4ª'!$Q21 -> - | X181: ='4ª'!$R21 -> - | Y181: ='4ª'!$S21 -> - | Z181: ='4ª'!$T21 -> 0 | AA181: ='4ª'!$U21 -> 0 | AB181: 4ª série EJA | AD181: 2º SEMESTRE
A182: =RIGHT('[1]4ª'!$A$5:$D$5,12) -> 4ª SÉRIE E.F | B182: 16 | C182: ='4ª'!$B22 -> 0 | D182: ='4ª'!$C22 -> 0 | E182: ='4ª'!$D22 -> 0 | F182: ='4ª'!$E22 | G182: ='4ª'!$F22 -> 0 | H182: ='4ª'!$G22 -> 0 | I182: ='4ª'!$H22 -> 0 | K182: ='4ª'!$I22 -> 0 | L182: ='4ª'!$J22 | N182: ='4ª'!$K22 | P182: 19:00 às 23:00 | Q182: Terça e Quinta-feira 19h00 - 20h00 | R182: ='4ª'!$L22 -> Não | S182: ='4ª'!$M22 -> Eliane | T182: ='4ª'!$N22 -> - | U182: ='4ª'!$O22 -> - | V182: ='4ª'!$P22 -> - | W182: ='4ª'!$Q22 -> - | X182: ='4ª'!$R22 -> - | Y182: ='4ª'!$S22 -> - | Z182: ='4ª'!$T22 -> 0 | AA182: ='4ª'!$U22 -> 0 | AB182: 4ª série EJA | AD182: 2º SEMESTRE
A183: =RIGHT('[1]4ª'!$A$5:$D$5,12) -> 4ª SÉRIE E.F | B183: 17 | C183: ='4ª'!$B23 -> 0 | D183: ='4ª'!$C23 -> 0 | E183: ='4ª'!$D23 -> 0 | F183: ='4ª'!$E23 | G183: ='4ª'!$F23 -> 0 | H183: ='4ª'!$G23 -> 0 | I183: ='4ª'!$H23 -> 0 | K183: ='4ª'!$I23 -> 0 | L183: ='4ª'!$J23 | N183: ='4ª'!$K23 | P183: 19:00 às 23:00 | Q183: Terça e Quinta-feira 19h00 - 20h00 | R183: ='4ª'!$L23 -> Não | S183: ='4ª'!$M23 -> Eliane | T183: ='4ª'!$N23 -> - | U183: ='4ª'!$O23 -> - | V183: ='4ª'!$P23 -> - | W183: ='4ª'!$Q23 -> - | X183: ='4ª'!$R23 -> - | Y183: ='4ª'!$S23 -> - | Z183: ='4ª'!$T23 -> 0 | AA183: ='4ª'!$U23 -> 0 | AB183: 4ª série EJA | AD183: 2º SEMESTRE
A184: =RIGHT('[1]4ª'!$A$5:$D$5,12) -> 4ª SÉRIE E.F | B184: 18 | C184: ='4ª'!$B24 -> 0 | D184: ='4ª'!$C24 -> 0 | E184: ='4ª'!$D24 -> 0 | F184: ='4ª'!$E24 | G184: ='4ª'!$F24 -> 0 | H184: ='4ª'!$G24 -> 0 | I184: ='4ª'!$H24 -> 0 | K184: ='4ª'!$I24 -> 0 | L184: ='4ª'!$J24 | N184: ='4ª'!$K24 | P184: 19:00 às 23:00 | Q184: Terça e Quinta-feira 19h00 - 20h00 | R184: ='4ª'!$L24 -> Não | S184: ='4ª'!$M24 -> Eliane | T184: ='4ª'!$N24 -> - | U184: ='4ª'!$O24 -> - | V184: ='4ª'!$P24 -> - | W184: ='4ª'!$Q24 -> - | X184: ='4ª'!$R24 -> - | Y184: ='4ª'!$S24 -> - | Z184: ='4ª'!$T24 -> 0 | AA184: ='4ª'!$U24 -> 0 | AB184: 4ª série EJA | AD184: 2º SEMESTRE
A185: =RIGHT('[1]4ª'!$A$5:$D$5,12) -> 4ª SÉRIE E.F | B185: 19 | C185: ='4ª'!$B25 -> 0 | D185: ='4ª'!$C25 -> 0 | E185: ='4ª'!$D25 -> 0 | F185: ='4ª'!$E25 | G185: ='4ª'!$F25 -> 0 | H185: ='4ª'!$G25 -> 0 | I185: ='4ª'!$H25 -> 0 | K185: ='4ª'!$I25 -> 0 | L185: ='4ª'!$J25 | N185: ='4ª'!$K25 | P185: 19:00 às 23:00 | Q185: Terça e Quinta-feira 19h00 - 20h00 | R185: ='4ª'!$L25 -> Não | S185: ='4ª'!$M25 -> Eliane | T185: ='4ª'!$N25 -> - | U185: ='4ª'!$O25 -> - | V185: ='4ª'!$P25 -> - | W185: ='4ª'!$Q25 -> - | X185: ='4ª'!$R25 -> - | Y185: ='4ª'!$S25 -> - | Z185: ='4ª'!$T25 -> 0 | AA185: ='4ª'!$U25 -> 0 | AB185: 4ª série EJA | AD185: 2º SEMESTRE
A186: =RIGHT('[1]4ª'!$A$5:$D$5,12) -> 4ª SÉRIE E.F | B186: 20 | C186: ='4ª'!$B26 -> 0 | D186: ='4ª'!$C26 -> 0 | E186: ='4ª'!$D26 -> 0 | F186: ='4ª'!$E26 | G186: ='4ª'!$F26 -> 0 | H186: ='4ª'!$G26 -> 0 | I186: ='4ª'!$H26 -> 0 | K186: ='4ª'!$I26 -> 0 | L186: ='4ª'!$J26 | N186: ='4ª'!$K26 | P186: 19:00 às 23:00 | Q186: Terça e Quinta-feira 19h00 - 20h00 | R186: ='4ª'!$L26 -> Não | S186: ='4ª'!$M26 -> Eliane | T186: ='4ª'!$N26 -> - | U186: ='4ª'!$O26 -> - | V186: ='4ª'!$P26 -> - | W186: ='4ª'!$Q26 -> - | X186: ='4ª'!$R26 -> - | Y186: ='4ª'!$S26 -> - | Z186: ='4ª'!$T26 -> 0 | AA186: ='4ª'!$U26 -> 0 | AB186: 4ª série EJA | AD186: 2º SEMESTRE
A187: =RIGHT('[1]4ª'!$A$5:$D$5,12) -> 4ª SÉRIE E.F | B187: 21 | C187: ='4ª'!$B27 -> 0 | D187: ='4ª'!$C27 -> 0 | E187: ='4ª'!$D27 -> 0 | F187: ='4ª'!$E27 | G187: ='4ª'!$F27 -> 0 | H187: ='4ª'!$G27 -> 0 | I187: ='4ª'!$H27 -> 0 | K187: ='4ª'!$I27 -> 0 | L187: ='4ª'!$J27 | N187: ='4ª'!$K27 | P187: 19:00 às 23:00 | Q187: Terça e Quinta-feira 19h00 - 20h00 | R187: ='4ª'!$L27 -> Não | S187: ='4ª'!$M27 -> Eliane | T187: ='4ª'!$N27 -> - | U187: ='4ª'!$O27 -> - | V187: ='4ª'!$P27 -> - | W187: ='4ª'!$Q27 -> - | X187: ='4ª'!$R27 -> - | Y187: ='4ª'!$S27 -> - | Z187: ='4ª'!$T27 -> 0 | AA187: ='4ª'!$U27 -> 0 | AB187: 4ª série EJA | AD187: 2º SEMESTRE
A188: =RIGHT('[1]4ª'!$A$5:$D$5,12) -> 4ª SÉRIE E.F | B188: 22 | C188: ='4ª'!$B28 -> 0 | D188: ='4ª'!$C28 -> 0 | E188: ='4ª'!$D28 -> 0 | F188: ='4ª'!$E28 | G188: ='4ª'!$F28 -> 0 | H188: ='4ª'!$G28 -> 0 | I188: ='4ª'!$H28 -> 0 | K188: ='4ª'!$I28 -> 0 | L188: ='4ª'!$J28 | N188: ='4ª'!$K28 | P188: 19:00 às 23:00 | Q188: Terça e Quinta-feira 19h00 - 20h00 | R188: ='4ª'!$L28 -> Não | S188: ='4ª'!$M28 -> Eliane | T188: ='4ª'!$N28 -> - | U188: ='4ª'!$O28 -> - | V188: ='4ª'!$P28 -> - | W188: ='4ª'!$Q28 -> - | X188: ='4ª'!$R28 -> - | Y188: ='4ª'!$S28 -> - | Z188: ='4ª'!$T28 -> 0 | AA188: ='4ª'!$U28 -> 0 | AB188: 4ª série EJA | AD188: 2º SEMESTRE
A189: =RIGHT('[1]4ª'!$A$5:$D$5,12) -> 4ª SÉRIE E.F | B189: 23 | C189: ='4ª'!$B29 -> 0 | D189: ='4ª'!$C29 -> 0 | E189: ='4ª'!$D29 -> 0 | F189: ='4ª'!$E29 | G189: ='4ª'!$F29 -> 0 | H189: ='4ª'!$G29 -> 0 | I189: ='4ª'!$H29 -> 0 | K189: ='4ª'!$I29 -> 0 | L189: ='4ª'!$J29 | N189: ='4ª'!$K29 | P189: 19:00 às 23:00 | Q189: Terça e Quinta-feira 19h00 - 20h00 | R189: ='4ª'!$L29 -> Não | S189: ='4ª'!$M29 -> Eliane | T189: ='4ª'!$N29 -> - | U189: ='4ª'!$O29 -> - | V189: ='4ª'!$P29 -> - | W189: ='4ª'!$Q29 -> - | X189: ='4ª'!$R29 -> - | Y189: ='4ª'!$S29 -> - | Z189: ='4ª'!$T29 -> 0 | AA189: ='4ª'!$U29 -> 0 | AB189: 4ª série EJA | AD189: 2º SEMESTRE
A190: =RIGHT('[1]4ª'!$A$5:$D$5,12) -> 4ª SÉRIE E.F | B190: 24 | C190: ='4ª'!$B30 -> 0 | D190: ='4ª'!$C30 -> 0 | E190: ='4ª'!$D30 -> 0 | F190: ='4ª'!$E30 | G190: ='4ª'!$F30 -> 0 | H190: ='4ª'!$G30 -> 0 | I190: ='4ª'!$H30 -> 0 | K190: ='4ª'!$I30 -> 0 | L190: ='4ª'!$J30 | N190: ='4ª'!$K30 | P190: 19:00 às 23:00 | Q190: Terça e Quinta-feira 19h00 - 20h00 | R190: ='4ª'!$L30 -> Não | S190: ='4ª'!$M30 -> Eliane | T190: ='4ª'!$N30 -> - | U190: ='4ª'!$O30 -> - | V190: ='4ª'!$P30 -> - | W190: ='4ª'!$Q30 -> - | X190: ='4ª'!$R30 -> - | Y190: ='4ª'!$S30 -> - | Z190: ='4ª'!$T30 -> 0 | AA190: ='4ª'!$U30 -> 0 | AB190: 4ª série EJA | AD190: 2º SEMESTRE
... A221: =RIGHT('[1]4ª'!$A$5:$D$5,12) -> 4ª SÉRIE E.F | B221: 55 | C221: ='4ª'!$B61 -> 0 | D221: ='4ª'!$C61 -> 0 | E221: ='4ª'!$D61 -> 0 | F221: ='4ª'!$E61 -> 0 | G221: ='4ª'!$F61 -> 0 | H221: ='4ª'!$G61 -> 0 | I221: ='4ª'!$H61 -> 0 | K221: ='4ª'!$I61 -> 0 | L221: ='4ª'!$J61 -> 0 | N221: ='4ª'!$K61 -> 0 | P221: 19:00 às 23:00 | Q221: Terça e Quinta-feira 19h00 - 20h00 | R221: ='4ª'!$L61 -> 0 | S221: ='4ª'!$M61 -> 0 | T221: ='4ª'!$N61 -> 0 | U221: ='4ª'!$O61 -> 0 | V221: ='4ª'!$P61 -> 0 | W221: ='4ª'!$Q61 -> 0 | X221: ='4ª'!$R61 -> 0 | Y221: ='4ª'!$S61 -> 0 | Z221: ='4ª'!$T61 -> 0 | AA221: ='4ª'!$U61 -> 0 | AB221: 4ª série EJA | AD221: 2º SEMESTRE
A222: =RIGHT('[1]5ª'!$A$5:$D$5,12) -> 5ª SÉRIE E.F | B222: 1 | C222: ='5ª'!$B7 -> 18834 | D222: ='5ª'!$C7 -> ELISANGELA DA SILVA SIMOES | E222: ='5ª'!$D7 -> F | F222: ='5ª'!$E7 -> MA | G222: ='5ª'!$F7 -> 29038 | H222: ='5ª'!$G7 -> 0 | I222: ='5ª'!$H7 -> 36042775-3 | K222: ='5ª'!$I7 -> 0 | L222: ='5ª'!$J7 -> DISP.IDADE | N222: ='5ª'!$K7 -> 46 | P222: 19:00 às 23:00 | Q222: Terça-feira 18h00 - 19h00 | R222: ='5ª'!$L7 -> Não | S222: ='5ª'!$M7 -> - | T222: ='5ª'!$N7 -> - | U222: ='5ª'!$O7 -> - | V222: ='5ª'!$P7 -> - | W222: ='5ª'!$Q7 -> - | X222: ='5ª'!$R7 -> - | Y222: ='5ª'!$S7 -> - | Z222: ='5ª'!$T7 -> 0 | AA222: ='5ª'!$U7 -> 0 | AB222: 5ª série EJA | AD222: 2º SEMESTRE
A223: =RIGHT('[1]5ª'!$A$5:$D$5,12) -> 5ª SÉRIE E.F | B223: 2 | C223: ='5ª'!$B8 -> 18147 | D223: ='5ª'!$C8 -> GILBERTO SOUZA DOS SANTOS | E223: ='5ª'!$D8 -> M | F223: ='5ª'!$E8 -> MA | G223: ='5ª'!$F8 -> 28241 | H223: ='5ª'!$G8 -> 0 | I223: ='5ª'!$H8 -> 86770586-8 | K223: ='5ª'!$I8 -> 0 | L223: ='5ª'!$J8 -> DISP.IDADE | N223: ='5ª'!$K8 -> 48 | P223: 19:00 às 23:00 | Q223: Terça-feira 18h00 - 19h00 | R223: ='5ª'!$L8 -> Não | S223: ='5ª'!$M8 -> - | T223: ='5ª'!$N8 -> - | U223: ='5ª'!$O8 -> - | V223: ='5ª'!$P8 -> - | W223: ='5ª'!$Q8 -> - | X223: ='5ª'!$R8 -> - | Y223: ='5ª'!$S8 -> - | Z223: ='5ª'!$T8 -> 0 | AA223: ='5ª'!$U8 -> 0 | AB223: 5ª série EJA | AD223: 2º SEMESTRE
A224: =RIGHT('[1]5ª'!$A$5:$D$5,12) -> 5ª SÉRIE E.F | B224: 3 | C224: ='5ª'!$B9 -> 18902 | D224: ='5ª'!$C9 -> LUCILIA VICENTE | E224: ='5ª'!$D9 -> F | F224: ='5ª'!$E9 -> MA | G224: ='5ª'!$F9 -> 22352 | H224: ='5ª'!$G9 -> 0 | I224: ='5ª'!$H9 -> 18062032-0 | K224: ='5ª'!$I9 -> 0 | L224: ='5ª'!$J9 -> DISP.IDADE | N224: ='5ª'!$K9 -> 64 | P224: 19:00 às 23:00 | Q224: Terça-feira 18h00 - 19h00 | R224: ='5ª'!$L9 -> Não | S224: ='5ª'!$M9 -> - | T224: ='5ª'!$N9 -> - | U224: ='5ª'!$O9 -> - | V224: ='5ª'!$P9 -> - | W224: ='5ª'!$Q9 -> - | X224: ='5ª'!$R9 -> - | Y224: ='5ª'!$S9 -> - | Z224: ='5ª'!$T9 -> 0 | AA224: ='5ª'!$U9 -> 0 | AB224: 5ª série EJA | AD224: 2º SEMESTRE
A225: =RIGHT('[1]5ª'!$A$5:$D$5,12) -> 5ª SÉRIE E.F | B225: 4 | C225: ='4ª'!$B18 -> 18745 | D225: ='4ª'!$C18 -> VERA LUCIA BATISTA | E225: ='4ª'!$D18 -> F | F225: ='4ª'!$E18 -> MA | G225: ='4ª'!$F18 -> 20637 | H225: ='4ª'!$G18 -> 0 | I225: ='4ª'!$H18 -> 12637069-2 | K225: ='4ª'!$I18 -> 0 | L225: ='4ª'!$J18 -> DISP.IDADE | N225: ='4ª'!$K18 -> 69 | P225: 19:00 às 23:00 | Q225: Terça-feira 18h00 - 19h00 | R225: ='4ª'!$L18 -> Não | S225: ='4ª'!$M18 -> Eliane | T225: ='4ª'!$N18 -> - | U225: ='4ª'!$O18 -> - | V225: ='4ª'!$P18 -> - | W225: ='4ª'!$Q18 -> - | X225: ='4ª'!$R18 -> - | Y225: ='4ª'!$S18 -> - | Z225: ='4ª'!$T18 -> 0 | AA225: ='4ª'!$U18 -> 0 | AB225: 5ª série EJA | AD225: 2º SEMESTRE
A226: =RIGHT('[1]5ª'!$A$5:$D$5,12) -> 5ª SÉRIE E.F | B226: 5 | C226: ='5ª'!$B10 -> 17641 | D226: ='5ª'!$C10 -> NAISA DO NASCIMENTO SILVA | E226: ='5ª'!$D10 -> F | F226: ='5ª'!$E10 -> MA | G226: ='5ª'!$F10 -> 26744 | H226: ='5ª'!$G10 -> 0 | I226: ='5ª'!$H10 -> 38574581-3 | K226: ='5ª'!$I10 -> 0 | L226: ='5ª'!$J10 -> DISP.IDADE | N226: ='5ª'!$K10 -> 52 | P226: 19:00 às 23:00 | Q226: Terça-feira 18h00 - 19h00 | R226: ='5ª'!$L10 -> Não | S226: ='5ª'!$M10 -> - | T226: ='5ª'!$N10 -> - | U226: ='5ª'!$O10 -> - | V226: ='5ª'!$P10 -> - | W226: ='5ª'!$Q10 -> - | X226: ='5ª'!$R10 -> - | Y226: ='5ª'!$S10 -> - | Z226: ='5ª'!$T10 -> 0 | AA226: ='5ª'!$U10 -> 0 | AB226: 5ª série EJA | AD226: 2º SEMESTRE
A227: =RIGHT('[1]5ª'!$A$5:$D$5,12) -> 5ª SÉRIE E.F | B227: 6 | C227: ='5ª'!$B11 -> 18314 | D227: ='5ª'!$C11 -> ZUDILVA DOS SANTOS ALVES | E227: ='5ª'!$D11 -> F | F227: ='5ª'!$E11 -> MC | G227: ='5ª'!$F11 -> 20988 | H227: ='5ª'!$G11 -> 14124550-5 | I227: ='5ª'!$H11 -> 14124550 | K227: ='5ª'!$I11 -> MC 19/08 | L227: ='5ª'!$J11 -> DISP.IDADE | N227: ='5ª'!$K11 -> 68 | P227: 19:00 às 23:00 | Q227: Terça-feira 18h00 - 19h00 | R227: ='5ª'!$L11 -> Não | S227: ='5ª'!$M11 -> - | T227: ='5ª'!$N11 -> - | U227: ='5ª'!$O11 -> - | V227: ='5ª'!$P11 -> - | W227: ='5ª'!$Q11 -> - | X227: ='5ª'!$R11 -> - | Y227: ='5ª'!$S11 -> - | Z227: ='5ª'!$T11 -> Sem Informação | AA227: ='5ª'!$U11 -> MC por Solicitação do Responsavel | AB227: 5ª série EJA | AD227: 2º SEMESTRE
A228: =RIGHT('[1]5ª'!$A$5:$D$5,12) -> 5ª SÉRIE E.F | B228: 7 | C228: ='5ª'!$B12 -> 18943 | D228: ='5ª'!$C12 -> THALLYS GUERRERO PETINELLI | E228: ='5ª'!$D12 -> M | F228: ='5ª'!$E12 -> MA | G228: ='5ª'!$F12 -> 40052 | H228: ='5ª'!$G12 -> 112735174-6 | I228: ='5ª'!$H12 -> 0 | K228: ='5ª'!$I12 -> 0 | L228: ='5ª'!$J12 | N228: ='5ª'!$K12 -> 16 | P228: 19:00 às 23:00 | Q228: Terça-feira 18h00 - 19h00 | R228: ='5ª'!$L12 -> Não | S228: ='5ª'!$M12 -> - | T228: ='5ª'!$N12 -> - | U228: ='5ª'!$O12 -> - | V228: ='5ª'!$P12 -> - | W228: ='5ª'!$Q12 -> - | X228: ='5ª'!$R12 -> - | Y228: ='5ª'!$S12 -> - | Z228: ='5ª'!$T12 -> 0 | AA228: ='5ª'!$U12 -> 0 | AB228: 5ª série EJA | AD228: 2º SEMESTRE
A229: =RIGHT('[1]5ª'!$A$5:$D$5,12) -> 5ª SÉRIE E.F | B229: 8 | C229: ='5ª'!$B13 -> 18961 | D229: ='5ª'!$C13 -> JOSE DILTON SOUZA | E229: ='5ª'!$D13 -> M | F229: ='5ª'!$E13 -> MA | G229: ='5ª'!$F13 -> 22955 | H229: ='5ª'!$G13 -> 0 | I229: ='5ª'!$H13 -> 59.670.935-3 | K229: ='5ª'!$I13 -> TR 20/08 | L229: ='5ª'!$J13 -> DISP.IDADE | N229: ='5ª'!$K13 -> 62 | P229: 19:00 às 23:00 | Q229: Terça-feira 18h00 - 19h00 | R229: ='5ª'!$L13 -> Não | S229: ='5ª'!$M13 -> - | T229: ='5ª'!$N13 -> - | U229: ='5ª'!$O13 -> - | V229: ='5ª'!$P13 -> - | W229: ='5ª'!$Q13 -> - | X229: ='5ª'!$R13 -> - | Y229: ='5ª'!$S13 -> - | Z229: ='5ª'!$T13 -> 0 | AA229: ='5ª'!$U13 -> 0 | AB229: 5ª série EJA | AD229: 2º SEMESTRE
A230: =RIGHT('[1]5ª'!$A$5:$D$5,12) -> 5ª SÉRIE E.F | B230: 9 | C230: ='5ª'!$B14 -> 18971 | D230: ='5ª'!$C14 -> LUZINETE APARECIDA DA CONCEIÇÃO OLIVEIRA | E230: ='5ª'!$D14 -> F | F230: ='5ª'!$E14 -> MA | G230: ='5ª'!$F14 -> 25270 | H230: ='5ª'!$G14 -> 0 | I230: ='5ª'!$H14 -> 57122269-9 | K230: ='5ª'!$I14 -> TR 22/08 | L230: ='5ª'!$J14 -> DISP.IDADE | N230: ='5ª'!$K14 -> 56 | P230: 19:00 às 23:00 | Q230: Terça-feira 18h00 - 19h00 | R230: ='5ª'!$L14 -> Não | S230: ='5ª'!$M14 -> - | T230: ='5ª'!$N14 -> - | U230: ='5ª'!$O14 -> - | V230: ='5ª'!$P14 -> - | W230: ='5ª'!$Q14 -> - | X230: ='5ª'!$R14 -> - | Y230: ='5ª'!$S14 -> - | Z230: ='5ª'!$T14 -> 0 | AA230: ='5ª'!$U14 -> 0 | AB230: 5ª série EJA | AD230: 2º SEMESTRE
A231: =RIGHT('[1]5ª'!$A$5:$D$5,12) -> 5ª SÉRIE E.F | B231: 10 | C231: ='5ª'!$B15 -> 0 | D231: ='5ª'!$C15 -> 0 | E231: ='5ª'!$D15 -> 0 | F231: ='5ª'!$E15 -> 0 | G231: ='5ª'!$F15 -> 0 | H231: ='5ª'!$G15 -> 0 | I231: ='5ª'!$H15 -> 0 | K231: ='5ª'!$I15 -> 0 | L231: ='5ª'!$J15 | N231: ='5ª'!$K15 | P231: 19:00 às 23:00 | Q231: Terça-feira 18h00 - 19h00 | R231: ='5ª'!$L15 -> Não | S231: ='5ª'!$M15 -> - | T231: ='5ª'!$N15 -> - | U231: ='5ª'!$O15 -> - | V231: ='5ª'!$P15 -> - | W231: ='5ª'!$Q15 -> - | X231: ='5ª'!$R15 -> - | Y231: ='5ª'!$S15 -> - | Z231: ='5ª'!$T15 -> 0 | AA231: ='5ª'!$U15 -> 0 | AB231: 5ª série EJA | AD231: 2º SEMESTRE
A232: =RIGHT('[1]5ª'!$A$5:$D$5,12) -> 5ª SÉRIE E.F | B232: 11 | C232: ='5ª'!$B16 -> 0 | D232: ='5ª'!$C16 -> 0 | E232: ='5ª'!$D16 -> 0 | F232: ='5ª'!$E16 | G232: ='5ª'!$F16 -> 0 | H232: ='5ª'!$G16 -> 0 | I232: ='5ª'!$H16 -> 0 | K232: ='5ª'!$I16 -> 0 | L232: ='5ª'!$J16 | N232: ='5ª'!$K16 | P232: 19:00 às 23:00 | Q232: Terça-feira 18h00 - 19h00 | R232: ='5ª'!$L16 -> Não | S232: ='5ª'!$M16 -> - | T232: ='5ª'!$N16 -> - | U232: ='5ª'!$O16 -> - | V232: ='5ª'!$P16 -> - | W232: ='5ª'!$Q16 -> - | X232: ='5ª'!$R16 -> - | Y232: ='5ª'!$S16 -> - | Z232: ='5ª'!$T16 -> 0 | AA232: ='5ª'!$U16 -> 0 | AB232: 5ª série EJA | AD232: 2º SEMESTRE
A233: =RIGHT('[1]5ª'!$A$5:$D$5,12) -> 5ª SÉRIE E.F | B233: 12 | C233: ='5ª'!$B17 -> 0 | D233: ='5ª'!$C17 -> 0 | E233: ='5ª'!$D17 -> 0 | F233: ='5ª'!$E17 | G233: ='5ª'!$F17 -> 0 | H233: ='5ª'!$G17 -> 0 | I233: ='5ª'!$H17 -> 0 | K233: ='5ª'!$I17 -> 0 | L233: ='5ª'!$J17 | N233: ='5ª'!$K17 | P233: 19:00 às 23:00 | Q233: Terça-feira 18h00 - 19h00 | R233: ='5ª'!$L17 -> Não | S233: ='5ª'!$M17 -> - | T233: ='5ª'!$N17 -> - | U233: ='5ª'!$O17 -> - | V233: ='5ª'!$P17 -> - | W233: ='5ª'!$Q17 -> - | X233: ='5ª'!$R17 -> - | Y233: ='5ª'!$S17 -> - | Z233: ='5ª'!$T17 -> 0 | AA233: ='5ª'!$U17 -> 0 | AB233: 5ª série EJA | AD233: 2º SEMESTRE
A234: =RIGHT('[1]5ª'!$A$5:$D$5,12) -> 5ª SÉRIE E.F | B234: 13 | C234: ='5ª'!$B18 -> 0 | D234: ='5ª'!$C18 -> 0 | E234: ='5ª'!$D18 -> 0 | F234: ='5ª'!$E18 | G234: ='5ª'!$F18 -> 0 | H234: ='5ª'!$G18 -> 0 | I234: ='5ª'!$H18 -> 0 | K234: ='5ª'!$I18 -> 0 | L234: ='5ª'!$J18 | N234: ='5ª'!$K18 | P234: 19:00 às 23:00 | Q234: Terça-feira 18h00 - 19h00 | R234: ='5ª'!$L18 -> Não | S234: ='5ª'!$M18 -> - | T234: ='5ª'!$N18 -> - | U234: ='5ª'!$O18 -> - | V234: ='5ª'!$P18 -> - | W234: ='5ª'!$Q18 -> - | X234: ='5ª'!$R18 -> - | Y234: ='5ª'!$S18 -> - | Z234: ='5ª'!$T18 -> 0 | AA234: ='5ª'!$U18 -> 0 | AB234: 5ª série EJA | AD234: 2º SEMESTRE
A235: =RIGHT('[1]5ª'!$A$5:$D$5,12) -> 5ª SÉRIE E.F | B235: 14 | C235: ='5ª'!$B19 -> 0 | D235: ='5ª'!$C19 -> 0 | E235: ='5ª'!$D19 -> 0 | F235: ='5ª'!$E19 | G235: ='5ª'!$F19 -> 0 | H235: ='5ª'!$G19 -> 0 | I235: ='5ª'!$H19 -> 0 | K235: ='5ª'!$I19 -> 0 | L235: ='5ª'!$J19 | N235: ='5ª'!$K19 | P235: 19:00 às 23:00 | Q235: Terça-feira 18h00 - 19h00 | R235: ='5ª'!$L19 -> Não | S235: ='5ª'!$M19 -> - | T235: ='5ª'!$N19 -> - | U235: ='5ª'!$O19 -> - | V235: ='5ª'!$P19 -> - | W235: ='5ª'!$Q19 -> - | X235: ='5ª'!$R19 -> - | Y235: ='5ª'!$S19 -> - | Z235: ='5ª'!$T19 -> 0 | AA235: ='5ª'!$U19 -> 0 | AB235: 5ª série EJA | AD235: 2º SEMESTRE
A236: =RIGHT('[1]5ª'!$A$5:$D$5,12) -> 5ª SÉRIE E.F | B236: 15 | C236: ='5ª'!$B20 -> 0 | D236: ='5ª'!$C20 -> 0 | E236: ='5ª'!$D20 -> 0 | F236: ='5ª'!$E20 | G236: ='5ª'!$F20 -> 0 | H236: ='5ª'!$G20 -> 0 | I236: ='5ª'!$H20 -> 0 | K236: ='5ª'!$I20 -> 0 | L236: ='5ª'!$J20 | N236: ='5ª'!$K20 | P236: 19:00 às 23:00 | Q236: Terça-feira 18h00 - 19h00 | R236: ='5ª'!$L20 -> Não | S236: ='5ª'!$M20 -> - | T236: ='5ª'!$N20 -> - | U236: ='5ª'!$O20 -> - | V236: ='5ª'!$P20 -> - | W236: ='5ª'!$Q20 -> - | X236: ='5ª'!$R20 -> - | Y236: ='5ª'!$S20 -> - | Z236: ='5ª'!$T20 -> 0 | AA236: ='5ª'!$U20 -> 0 | AB236: 5ª série EJA | AD236: 2º SEMESTRE
A237: =RIGHT('[1]5ª'!$A$5:$D$5,12) -> 5ª SÉRIE E.F | B237: 16 | C237: ='5ª'!$B21 -> 0 | D237: ='5ª'!$C21 -> 0 | E237: ='5ª'!$D21 -> 0 | F237: ='5ª'!$E21 | G237: ='5ª'!$F21 -> 0 | H237: ='5ª'!$G21 -> 0 | I237: ='5ª'!$H21 -> 0 | K237: ='5ª'!$I21 -> 0 | L237: ='5ª'!$J21 | N237: ='5ª'!$K21 | P237: 19:00 às 23:00 | Q237: Terça-feira 18h00 - 19h00 | R237: ='5ª'!$L21 -> Não | S237: ='5ª'!$M21 -> - | T237: ='5ª'!$N21 -> - | U237: ='5ª'!$O21 -> - | V237: ='5ª'!$P21 -> - | W237: ='5ª'!$Q21 -> - | X237: ='5ª'!$R21 -> - | Y237: ='5ª'!$S21 -> - | Z237: ='5ª'!$T21 -> 0 | AA237: ='5ª'!$U21 -> 0 | AB237: 5ª série EJA | AD237: 2º SEMESTRE
... A276: =RIGHT('[1]5ª'!$A$5:$D$5,12) -> 5ª SÉRIE E.F | B276: 55 | C276: ='5ª'!$B60 -> 0 | D276: ='5ª'!$C60 -> 0 | E276: ='5ª'!$D60 -> 0 | F276: ='5ª'!$E60 -> 0 | G276: ='5ª'!$F60 -> 0 | H276: ='5ª'!$G60 -> 0 | I276: ='5ª'!$H60 -> 0 | K276: ='5ª'!$I60 -> 0 | L276: ='5ª'!$J60 -> 0 | N276: ='5ª'!$K60 -> 0 | P276: 19:00 às 23:00 | Q276: Terça-feira 18h00 - 19h00 | R276: ='5ª'!$L60 -> 0 | S276: ='5ª'!$M60 -> 0 | T276: ='5ª'!$N60 -> 0 | U276: ='5ª'!$O60 -> 0 | V276: ='5ª'!$P60 -> 0 | W276: ='5ª'!$Q60 -> 0 | X276: ='5ª'!$R60 -> 0 | Y276: ='5ª'!$S60 -> 0 | Z276: ='5ª'!$T60 -> 0 | AA276: ='5ª'!$U60 -> 0 | AB276: 5ª série EJA | AD276: 2º SEMESTRE
A277: =RIGHT('[1]6ª'!$A$5:$D$5,12) -> 6ª SÉRIE E.F | B277: 1 | C277: ='6ª'!$B7 -> 18929 | D277: ='6ª'!$C7 -> DANIELA PEREIRA RODRIGUES | E277: ='6ª'!$D7 -> F | F277: ='6ª'!$E7 -> MA | G277: ='6ª'!$F7 -> 32362 | H277: ='6ª'!$G7 -> 0 | I277: ='6ª'!$H7 -> 0 | K277: ='6ª'!$I7 -> 0 | L277: ='6ª'!$J7 -> DISP.IDADE | N277: ='6ª'!$K7 -> 37 | P277: 19:00 às 23:00 | Q277: Terça-feira 18h00 - 19h00 | R277: ='6ª'!$L7 -> Não | S277: ='6ª'!$M7 -> - | T277: ='6ª'!$N7 -> - | U277: ='6ª'!$O7 -> - | V277: ='6ª'!$P7 -> - | W277: ='6ª'!$Q7 -> - | X277: ='6ª'!$R7 -> - | Y277: ='6ª'!$S7 -> - | Z277: ='6ª'!$T7 -> 0 | AA277: ='6ª'!$U7 -> 0 | AB277: 6ª série EJA | AD277: 2º SEMESTRE
A278: =RIGHT('[1]6ª'!$A$5:$D$5,12) -> 6ª SÉRIE E.F | B278: 2 | C278: ='6ª'!$B8 -> 15314 | D278: ='6ª'!$C8 -> EDILSON CASSIANO DA SILVA | E278: ='6ª'!$D8 -> M | F278: ='6ª'!$E8 -> MA | G278: ='6ª'!$F8 -> 22533 | H278: ='6ª'!$G8 -> 1167376237 | I278: ='6ª'!$H8 -> 54753179-5 | K278: ='6ª'!$I8 -> 0 | L278: ='6ª'!$J8 -> DISP.IDADE | N278: ='6ª'!$K8 -> 64 | P278: 19:00 às 23:00 | Q278: Terça-feira 18h00 - 19h00 | R278: ='6ª'!$L8 -> Não | S278: ='6ª'!$M8 -> - | T278: ='6ª'!$N8 -> - | U278: ='6ª'!$O8 -> - | V278: ='6ª'!$P8 -> - | W278: ='6ª'!$Q8 -> - | X278: ='6ª'!$R8 -> - | Y278: ='6ª'!$S8 -> - | Z278: ='6ª'!$T8 -> 0 | AA278: ='6ª'!$U8 -> 0 | AB278: 6ª série EJA | AD278: 2º SEMESTRE
A279: =RIGHT('[1]6ª'!$A$5:$D$5,12) -> 6ª SÉRIE E.F | B279: 3 | C279: ='6ª'!$B9 -> 18787 | D279: ='6ª'!$C9 -> ELIENIRA JOSE JERONIMO | E279: ='6ª'!$D9 -> F | F279: ='6ª'!$E9 -> MA | G279: ='6ª'!$F9 -> 23146 | H279: ='6ª'!$G9 -> 1258152319 | I279: ='6ª'!$H9 -> 52277455-6 | K279: ='6ª'!$I9 -> 0 | L279: ='6ª'!$J9 -> DISP.IDADE | N279: ='6ª'!$K9 -> 62 | P279: 19:00 às 23:00 | Q279: Terça-feira 18h00 - 19h00 | R279: ='6ª'!$L9 -> Não | S279: ='6ª'!$M9 -> - | T279: ='6ª'!$N9 -> - | U279: ='6ª'!$O9 -> - | V279: ='6ª'!$P9 -> - | W279: ='6ª'!$Q9 -> - | X279: ='6ª'!$R9 -> - | Y279: ='6ª'!$S9 -> - | Z279: ='6ª'!$T9 -> 0 | AA279: ='6ª'!$U9 -> 0 | AB279: 6ª série EJA | AD279: 2º SEMESTRE
A280: =RIGHT('[1]6ª'!$A$5:$D$5,12) -> 6ª SÉRIE E.F | B280: 4 | C280: ='6ª'!$B10 -> 18922 | D280: ='6ª'!$C10 -> ERICA TAINA ARAUJO DOS SANTOS | E280: ='6ª'!$D10 -> F | F280: ='6ª'!$E10 -> MA | G280: ='6ª'!$F10 -> 40044 | H280: ='6ª'!$G10 -> 112021466X | I280: ='6ª'!$H10 -> 478251063 | K280: ='6ª'!$I10 -> 0 | L280: ='6ª'!$J10 | N280: ='6ª'!$K10 -> 16 | P280: 19:00 às 23:00 | Q280: Terça-feira 18h00 - 19h00 | R280: ='6ª'!$L10 -> Não | S280: ='6ª'!$M10 -> - | T280: ='6ª'!$N10 -> - | U280: ='6ª'!$O10 -> - | V280: ='6ª'!$P10 -> - | W280: ='6ª'!$Q10 -> - | X280: ='6ª'!$R10 -> - | Y280: ='6ª'!$S10 -> - | Z280: ='6ª'!$T10 -> 0 | AA280: ='6ª'!$U10 -> 0 | AB280: 6ª série EJA | AD280: 2º SEMESTRE
A281: =RIGHT('[1]6ª'!$A$5:$D$5,12) -> 6ª SÉRIE E.F | B281: 5 | C281: ='6ª'!$B11 -> 18918 | D281: ='6ª'!$C11 -> JOAO VICTOR SANTOS DE FREITAS | E281: ='6ª'!$D11 -> M | F281: ='6ª'!$E11 -> MA | G281: ='6ª'!$F11 -> 38277 | H281: ='6ª'!$G11 -> 1036368257 | I281: ='6ª'!$H11 -> 0 | K281: ='6ª'!$I11 -> 0 | L281: ='6ª'!$J11 | N281: ='6ª'!$K11 -> 20 | P281: 19:00 às 23:00 | Q281: Terça-feira 18h00 - 19h00 | R281: ='6ª'!$L11 -> Não | S281: ='6ª'!$M11 -> - | T281: ='6ª'!$N11 -> - | U281: ='6ª'!$O11 -> - | V281: ='6ª'!$P11 -> - | W281: ='6ª'!$Q11 -> - | X281: ='6ª'!$R11 -> - | Y281: ='6ª'!$S11 -> - | Z281: ='6ª'!$T11 -> 0 | AA281: ='6ª'!$U11 -> 0 | AB281: 6ª série EJA | AD281: 2º SEMESTRE
A282: =RIGHT('[1]6ª'!$A$5:$D$5,12) -> 6ª SÉRIE E.F | B282: 6 | C282: ='6ª'!$B12 -> 17640 | D282: ='6ª'!$C12 -> MARIA NOEMIA DE JESUS REIS SANTOS | E282: ='6ª'!$D12 -> F | F282: ='6ª'!$E12 -> MA | G282: ='6ª'!$F12 -> 24706 | H282: ='6ª'!$G12 -> 103572413-3 | I282: ='6ª'!$H12 -> 28852707-0 | K282: ='6ª'!$I12 -> 0 | L282: ='6ª'!$J12 -> DISP.IDADE | N282: ='6ª'!$K12 -> 58 | P282: 19:00 às 23:00 | Q282: Terça-feira 18h00 - 19h00 | R282: ='6ª'!$L12 -> Não | S282: ='6ª'!$M12 -> - | T282: ='6ª'!$N12 -> - | U282: ='6ª'!$O12 -> - | V282: ='6ª'!$P12 -> - | W282: ='6ª'!$Q12 -> - | X282: ='6ª'!$R12 -> - | Y282: ='6ª'!$S12 -> - | Z282: ='6ª'!$T12 -> 0 | AA282: ='6ª'!$U12 -> 0 | AB282: 6ª série EJA | AD282: 2º SEMESTRE
A283: =RIGHT('[1]6ª'!$A$5:$D$5,12) -> 6ª SÉRIE E.F | B283: 7 | C283: ='6ª'!#REF! -> #REF! | D283: ='6ª'!#REF! -> #REF! | E283: ='6ª'!#REF! -> #REF! | F283: ='6ª'!#REF! -> #REF! | G283: ='6ª'!#REF! -> #REF! | H283: ='6ª'!#REF! -> #REF! | I283: ='6ª'!#REF! -> #REF! | K283: ='6ª'!#REF! -> #REF! | L283: ='6ª'!#REF! -> #REF! | N283: ='6ª'!#REF! -> #REF! | P283: 19:00 às 23:00 | Q283: Terça-feira 18h00 - 19h00 | R283: ='6ª'!#REF! -> #REF! | S283: ='6ª'!#REF! -> #REF! | T283: ='6ª'!#REF! -> #REF! | U283: ='6ª'!#REF! -> #REF! | V283: ='6ª'!#REF! -> #REF! | W283: ='6ª'!#REF! -> #REF! | X283: ='6ª'!#REF! -> #REF! | Y283: ='6ª'!#REF! -> #REF! | ... AA283: ='6ª'!#REF! -> #REF! | AB283: 6ª série EJA | AD283: 2º SEMESTRE
A284: =RIGHT('[1]6ª'!$A$5:$D$5,12) -> 6ª SÉRIE E.F | B284: 8 | C284: ='6ª'!$B13 -> 18848 | D284: ='6ª'!$C13 -> NIVALDO ALVES DA SILVA | E284: ='6ª'!$D13 -> M | F284: ='6ª'!$E13 -> MA | G284: ='6ª'!$F13 -> 21952 | H284: ='6ª'!$G13 -> 1258774379 | I284: ='6ª'!$H13 -> 15954125-6 | K284: ='6ª'!$I13 -> 0 | L284: ='6ª'!$J13 -> DISP.IDADE | N284: ='6ª'!$K13 -> 65 | P284: 19:00 às 23:00 | Q284: Terça-feira 18h00 - 19h00 | R284: ='6ª'!$L13 -> Não | S284: ='6ª'!$M13 -> - | T284: ='6ª'!$N13 -> - | U284: ='6ª'!$O13 -> - | V284: ='6ª'!$P13 -> - | W284: ='6ª'!$Q13 -> - | X284: ='6ª'!$R13 -> - | Y284: ='6ª'!$S13 -> - | Z284: ='6ª'!$T13 -> 0 | AA284: ='6ª'!$U13 -> 0 | AB284: 6ª série EJA | AD284: 2º SEMESTRE
A285: =RIGHT('[1]6ª'!$A$5:$D$5,12) -> 6ª SÉRIE E.F | B285: 9 | C285: ='6ª'!$B14 -> 18128 | D285: ='6ª'!$C14 -> SERGIO EMIDIO DA SILVA | E285: ='6ª'!$D14 -> M | F285: ='6ª'!$E14 -> MA | G285: ='6ª'!$F14 -> 26973 | H285: ='6ª'!$G14 -> 1246517358 | I285: ='6ª'!$H14 -> 27663883-9 | K285: ='6ª'!$I14 -> 0 | L285: ='6ª'!$J14 -> DISP.IDADE | N285: ='6ª'!$K14 -> 51 | P285: 19:00 às 23:00 | Q285: Terça-feira 18h00 - 19h00 | R285: ='6ª'!$L14 -> Não | S285: ='6ª'!$M14 -> - | T285: ='6ª'!$N14 -> - | U285: ='6ª'!$O14 -> - | V285: ='6ª'!$P14 -> - | W285: ='6ª'!$Q14 -> - | X285: ='6ª'!$R14 -> - | Y285: ='6ª'!$S14 -> - | Z285: ='6ª'!$T14 -> 0 | AA285: ='6ª'!$U14 -> 0 | AB285: 6ª série EJA | AD285: 2º SEMESTRE
A286: =RIGHT('[1]6ª'!$A$5:$D$5,12) -> 6ª SÉRIE E.F | B286: 10 | C286: ='6ª'!$B15 -> 18482 | D286: ='6ª'!$C15 -> WANESSA LUIZA DOMINGUES GAJDO | E286: ='6ª'!$D15 -> F | F286: ='6ª'!$E15 -> MC | G286: ='6ª'!$F15 -> 28420 | H286: ='6ª'!$G15 -> 29043550-X | I286: ='6ª'!$H15 -> 29043550-X | K286: ='6ª'!$I15 -> MC 30/07/2025 | L286: ='6ª'!$J15 -> DISP.IDADE | N286: ='6ª'!$K15 -> 47 | P286: 19:00 às 23:00 | Q286: Terça-feira 18h00 - 19h00 | R286: ='6ª'!$L15 -> Não | S286: ='6ª'!$M15 -> - | T286: ='6ª'!$N15 -> - | U286: ='6ª'!$O15 -> - | V286: ='6ª'!$P15 -> - | W286: ='6ª'!$Q15 -> - | X286: ='6ª'!$R15 -> - | Y286: ='6ª'!$S15 -> - | Z286: ='6ª'!$T15 -> Rede Estadual | AA286: ='6ª'!$U15 -> MAX DADA GALLIZZI | AB286: 6ª série EJA | AD286: 2º SEMESTRE
A287: =RIGHT('[1]6ª'!$A$5:$D$5,12) -> 6ª SÉRIE E.F | B287: 11 | C287: ='6ª'!$B16 -> 18969 | D287: ='6ª'!$C16 -> EDSON GONSALVES PEREIRA | E287: ='6ª'!$D16 -> M | F287: ='6ª'!$E16 -> MA | G287: ='6ª'!$F16 -> 26157 | H287: ='6ª'!$G16 -> 0 | I287: ='6ª'!$H16 -> 20134080-X | K287: ='6ª'!$I16 -> TR 22/08/2025 | L287: ='6ª'!$J16 -> DISP.IDADE | N287: ='6ª'!$K16 -> 54 | P287: 19:00 às 23:00 | Q287: Terça-feira 18h00 - 19h00 | R287: ='6ª'!$L16 -> Não | S287: ='6ª'!$M16 -> - | T287: ='6ª'!$N16 -> - | U287: ='6ª'!$O16 -> - | V287: ='6ª'!$P16 -> - | W287: ='6ª'!$Q16 -> - | X287: ='6ª'!$R16 -> - | Y287: ='6ª'!$S16 -> - | Z287: ='6ª'!$T16 -> 0 | AA287: ='6ª'!$U16 -> 0 | AB287: 6ª série EJA | AD287: 2º SEMESTRE
A288: =RIGHT('[1]6ª'!$A$5:$D$5,12) -> 6ª SÉRIE E.F | B288: 12 | C288: ='6ª'!$B17 -> 0 | D288: ='6ª'!$C17 -> 0 | E288: ='6ª'!$D17 -> 0 | F288: ='6ª'!$E17 | G288: ='6ª'!$F17 -> 0 | H288: ='6ª'!$G17 -> 0 | I288: ='6ª'!$H17 -> 0 | K288: ='6ª'!$I17 -> 0 | L288: ='6ª'!$J17 | N288: ='6ª'!$K17 | P288: 19:00 às 23:00 | Q288: Terça-feira 18h00 - 19h00 | R288: ='6ª'!$L17 -> Não | S288: ='6ª'!$M17 -> - | T288: ='6ª'!$N17 -> - | U288: ='6ª'!$O17 -> - | V288: ='6ª'!$P17 -> - | W288: ='6ª'!$Q17 -> - | X288: ='6ª'!$R17 -> - | Y288: ='6ª'!$S17 -> - | Z288: ='6ª'!$T17 -> 0 | AA288: ='6ª'!$U17 -> 0 | AB288: 6ª série EJA | AD288: 2º SEMESTRE
A289: =RIGHT('[1]6ª'!$A$5:$D$5,12) -> 6ª SÉRIE E.F | B289: 13 | C289: ='6ª'!$B18 -> 0 | D289: ='6ª'!$C18 -> 0 | E289: ='6ª'!$D18 -> 0 | F289: ='6ª'!$E18 | G289: ='6ª'!$F18 -> 0 | H289: ='6ª'!$G18 -> 0 | I289: ='6ª'!$H18 -> 0 | K289: ='6ª'!$I18 -> 0 | L289: ='6ª'!$J18 | N289: ='6ª'!$K18 | P289: 19:00 às 23:00 | Q289: Terça-feira 18h00 - 19h00 | R289: ='6ª'!$L18 -> Não | S289: ='6ª'!$M18 -> - | T289: ='6ª'!$N18 -> - | U289: ='6ª'!$O18 -> - | V289: ='6ª'!$P18 -> - | W289: ='6ª'!$Q18 -> - | X289: ='6ª'!$R18 -> - | Y289: ='6ª'!$S18 -> - | Z289: ='6ª'!$T18 -> 0 | AA289: ='6ª'!$U18 -> 0 | AB289: 6ª série EJA | AD289: 2º SEMESTRE
A290: =RIGHT('[1]6ª'!$A$5:$D$5,12) -> 6ª SÉRIE E.F | B290: 14 | C290: ='6ª'!$B19 -> 0 | D290: ='6ª'!$C19 -> 0 | E290: ='6ª'!$D19 -> 0 | F290: ='6ª'!$E19 | G290: ='6ª'!$F19 -> 0 | H290: ='6ª'!$G19 -> 0 | I290: ='6ª'!$H19 -> 0 | K290: ='6ª'!$I19 -> 0 | L290: ='6ª'!$J19 | N290: ='6ª'!$K19 | P290: 19:00 às 23:00 | Q290: Terça-feira 18h00 - 19h00 | R290: ='6ª'!$L19 -> Não | S290: ='6ª'!$M19 -> - | T290: ='6ª'!$N19 -> - | U290: ='6ª'!$O19 -> - | V290: ='6ª'!$P19 -> - | W290: ='6ª'!$Q19 -> - | X290: ='6ª'!$R19 -> - | Y290: ='6ª'!$S19 -> - | Z290: ='6ª'!$T19 -> 0 | AA290: ='6ª'!$U19 -> 0 | AB290: 6ª série EJA | AD290: 2º SEMESTRE
...

Sheet Total de Alunos
C1: 1302 | D1: =32+32+32+29 -> 125 | F1: =C1+D1 -> 1427 | H1: 2012
E2: saldo
B3: Dados Gerais dos alunos da U.E. durante o ano letivo 1º Semestre de 2025
B4: SALA | D4: ANO | E4: MATRICULAS ATIVAS (MA) | H4: MATRÍCULAS CANCELADAS (MC) | K4: INCLUSÃO | N4: DISP.ED.FÍS.
E5: Masc. | F5: Fem. | G5: Total | H5: Masc. | I5: Fem. | J5: Total | K5: Masc. | L5: Fem. | M5: Total | N5: Masc. | O5: Fem. | P5: Total
D6: 1ª | E6: =COUNTIFS('1ª'!D:D,"M",'1ª'!E:E,"MA") -> 0 | F6: =COUNTIFS('1ª'!D:D,"F",'1ª'!E:E,"MA") -> 3 | G6: =SUM(E6:F6) -> 3 | H6: =COUNTIFS('1ª'!D:D,"M",'1ª'!E:E,"MC") -> 0 | I6: =COUNTIFS('1ª'!D:D,"F",'1ª'!E:E,"MC") -> 0 | J6: =SUM(H6:I6) -> 0 | K6: {=SUMPRODUCT((('1ª'!D:D="M")*('1ª'!E:E="MA")*(ISNUMBER(SEARCH("INCLUS",UPPER('1ª'!I:I))))))} -> 0 | L6: {=SUMPRODUCT((('1ª'!D:D="F")*('1ª'!E:E="MA")*(ISNUMBER(SEARCH("INCLUS",UPPER('1ª'!I:I))))))} -> 0 | M6: =SUM(K6:L6) -> 0 | N6: {=SUMPRODUCT((('1ª'!D:D="M")*('1ª'!E:E="MA")*(ISNUMBER(SEARCH("DISP",UPPER('1ª'!J:J))))))} -> 0 | O6: {=SUMPRODUCT((('1ª'!D:D="F")*('1ª'!E:E="MA")*(ISNUMBER(SEARCH("DISP",UPPER('1ª'!J:J))))))} -> 3 | P6: =SUM(N6:O6) -> 3
D7: 2ª | E7: =COUNTIFS('2ª'!D:D,"M",'2ª'!E:E,"MA") -> 1 | F7: =COUNTIFS('2ª'!D:D,"F",'2ª'!E:E,"MA") -> 3 | G7: =SUM(E7:F7) -> 4 | H7: =COUNTIFS('2ª'!D:D,"M",'2ª'!E:E,"MC") -> 0 | I7: =COUNTIFS('2ª'!D:D,"F",'2ª'!E:E,"MC") -> 0 | J7: =SUM(H7:I7) -> 0 | K7: {=SUMPRODUCT((('2ª'!D:D="M")*('2ª'!E:E="MA")*(ISNUMBER(SEARCH("INCLUS",UPPER('2ª'!I:I))))))} -> 0 | L7: {=SUMPRODUCT((('2ª'!D:D="F")*('2ª'!E:E="MA")*(ISNUMBER(SEARCH("INCLUS",UPPER('2ª'!I:I))))))} -> 0 | M7: =SUM(K7:L7) -> 0 | N7: {=SUMPRODUCT((('2ª'!D:D="M")*('2ª'!E:E="MA")*(ISNUMBER(SEARCH("DISP",UPPER('2ª'!J:J))))))} -> 1 | O7: {=SUMPRODUCT((('2ª'!D:D="F")*('2ª'!E:E="MA")*(ISNUMBER(SEARCH("DISP",UPPER('2ª'!J:J))))))} -> 3 | P7: =SUM(N7:O7) -> 4
D8: 3ª | E8: =COUNTIFS('3ª'!D:D,"M",'3ª'!E:E,"MA") -> 3 | F8: =COUNTIFS('3ª'!D:D,"F",'3ª'!E:E,"MA") -> 2 | G8: =SUM(E8:F8) -> 5 | H8: =COUNTIFS('3ª'!D:D,"M",'3ª'!E:E,"MC") -> 0 | I8: =COUNTIFS('3ª'!D:D,"F",'3ª'!E:E,"MC") -> 2 | J8: =SUM(H8:I8) -> 2 | K8: {=SUMPRODUCT((('3ª'!D:D="M")*('3ª'!E:E="MA")*(ISNUMBER(SEARCH("INCLUS",UPPER('3ª'!I:I))))))} -> 0 | L8: {=SUMPRODUCT((('3ª'!D:D="F")*('3ª'!E:E="MA")*(ISNUMBER(SEARCH("INCLUS",UPPER('3ª'!I:I))))))} -> 0 | M8: =SUM(K8:L8) -> 0 | N8: {=SUMPRODUCT((('3ª'!D:D="M")*('3ª'!E:E="MA")*(ISNUMBER(SEARCH("DISP",UPPER('3ª'!J:J))))))} -> 2 | O8: {=SUMPRODUCT((('3ª'!D:D="F")*('3ª'!E:E="MA")*(ISNUMBER(SEARCH("DISP",UPPER('3ª'!J:J))))))} -> 1 | P8: =SUM(N8:O8) -> 3
D9: 4ª | E9: =COUNTIFS('4ª'!D:D,"M",'4ª'!E:E,"MA") -> 3 | F9: =COUNTIFS('4ª'!D:D,"F",'4ª'!E:E,"MA") -> 7 | G9: =SUM(E9:F9) -> 10 | H9: =COUNTIFS('4ª'!D:D,"M",'4ª'!E:E,"MC") -> 1 | I9: =COUNTIFS('4ª'!D:D,"F",'4ª'!E:E,"MC") -> 2 | J9: =SUM(H9:I9) -> 3 | K9: {=SUMPRODUCT((('4ª'!D:D="M")*('4ª'!E:E="MA")*(ISNUMBER(SEARCH("INCLUS",UPPER('4ª'!I:I))))))} -> 0 | L9: {=SUMPRODUCT((('4ª'!D:D="F")*('4ª'!E:E="MA")*(ISNUMBER(SEARCH("INCLUS",UPPER('4ª'!I:I))))))} -> 0 | M9: =SUM(K9:L9) -> 0 | N9: {=SUMPRODUCT((('4ª'!D:D="M")*('4ª'!E:E="MA")*(ISNUMBER(SEARCH("DISP",UPPER('4ª'!J:J))))))} -> 2 | O9: {=SUMPRODUCT((('4ª'!D:D="F")*('4ª'!E:E="MA")*(ISNUMBER(SEARCH("DISP",UPPER('4ª'!J:J))))))} -> 6 | P9: =SUM(N9:O9) -> 8
E10: =SUM(E6:E9) -> 7 | F10: =SUM(F6:F9) -> 15 | G10: =SUM(E10:F10) -> 22 | H10: =SUM(H6:H9) -> 1 | I10: =SUM(I6:I9) -> 4 | J10: =SUM(J6:J9) -> 5 | K10: =SUM(K6:K9) -> 0 | L10: =SUM(L6:L9) -> 0 | M10: =SUM(M6:M9) -> 0 | N10: =SUM(N6:N9) -> 5 | O10: =SUM(O6:O9) -> 13 | P10: =SUM(P6:P9) -> 18
D11: 5ª | E11: =COUNTIFS('5ª'!D:D,"M",'5ª'!E:E,"MA") -> 3 | F11: =COUNTIFS('5ª'!D:D,"F",'5ª'!E:E,"MA") -> 4 | G11: =SUM(E11:F11) -> 7 | H11: =COUNTIFS('5ª'!D:D,"M",'5ª'!E:E,"MC") -> 0 | I11: =COUNTIFS('5ª'!D:D,"F",'5ª'!E:E,"MC") -> 1 | J11: =SUM(H11:I11) -> 1 | K11: {=SUMPRODUCT((('5ª'!D:D="M")*('5ª'!E:E="MA")*(ISNUMBER(SEARCH("INCLUS",UPPER('5ª'!I:I))))))} -> 0 | L11: {=SUMPRODUCT((('5ª'!D:D="F")*('5ª'!E:E="MA")*(ISNUMBER(SEARCH("INCLUS",UPPER('5ª'!I:I))))))} -> 0 | M11: =SUM(K11:L11) -> 0 | N11: {=SUMPRODUCT((('5ª'!D:D="M")*('5ª'!E:E="MA")*(ISNUMBER(SEARCH("DISP",UPPER('5ª'!J:J))))))} -> 2 | O11: {=SUMPRODUCT((('5ª'!D:D="F")*('5ª'!E:E="MA")*(ISNUMBER(SEARCH("DISP",UPPER('5ª'!J:J))))))} -> 4 | P11: =SUM(N11:O11) -> 6
D12: 6ª | E12: =COUNTIFS('6ª'!D:D,"M",'6ª'!E:E,"MA") -> 5 | F12: =COUNTIFS('6ª'!D:D,"F",'6ª'!E:E,"MA") -> 4 | G12: =SUM(E12:F12) -> 9 | H12: =COUNTIFS('6ª'!D:D,"M",'6ª'!E:E,"MC") -> 0 | I12: =COUNTIFS('6ª'!D:D,"F",'6ª'!E:E,"MC") -> 1 | J12: =SUM(H12:I12) -> 1 | K12: {=SUMPRODUCT((('6ª'!D:D="M")*('6ª'!E:E="MA")*(ISNUMBER(SEARCH("INCLUS",UPPER('6ª'!I:I))))))} -> 0 | L12: {=SUMPRODUCT((('6ª'!D:D="F")*('6ª'!E:E="MA")*(ISNUMBER(SEARCH("INCLUS",UPPER('6ª'!I:I))))))} -> 0 | M12: =SUM(K12:L12) -> 0 | N12: {=SUMPRODUCT((('6ª'!D:D="M")*('6ª'!E:E="MA")*(ISNUMBER(SEARCH("DISP",UPPER('6ª'!J:J))))))} -> 4 | O12: {=SUMPRODUCT((('6ª'!D:D="F")*('6ª'!E:E="MA")*(ISNUMBER(SEARCH("DISP",UPPER('6ª'!J:J))))))} -> 3 | P12: =SUM(N12:O12) -> 7
D13: 7ª | E13: =COUNTIFS('7ª'!D:D,"M",'7ª'!E:E,"MA") -> 7 | F13: =COUNTIFS('7ª'!D:D,"F",'7ª'!E:E,"MA") -> 5 | G13: =SUM(E13:F13) -> 12 | H13: =COUNTIFS('7ª'!D:D,"M",'7ª'!E:E,"MC") -> 0 | I13: =COUNTIFS('7ª'!D:D,"F",'7ª'!E:E,"MC") -> 1 | J13: =SUM(H13:I13) -> 1 | K13: {=SUMPRODUCT((('7ª'!D:D="M")*('7ª'!E:E="MA")*(ISNUMBER(SEARCH("INCLUS",UPPER('7ª'!I:I))))))} -> 1 | L13: {=SUMPRODUCT((('7ª'!D:D="F")*('7ª'!E:E="MA")*(ISNUMBER(SEARCH("INCLUS",UPPER('7ª'!I:I))))))} -> 0 | M13: =SUM(K13:L13) -> 1 | N13: {=SUMPRODUCT((('7ª'!D:D="M")*('7ª'!E:E="MA")*(ISNUMBER(SEARCH("DISP",UPPER('7ª'!J:J))))))} -> 2 | O13: {=SUMPRODUCT((('7ª'!D:D="F")*('7ª'!E:E="MA")*(ISNUMBER(SEARCH("DISP",UPPER('7ª'!J:J))))))} -> 2 | P13: =SUM(N13:O13) -> 4
D14: 8ª | E14: =COUNTIFS('8ª'!D:D,"M",'8ª'!E:E,"MA") -> 8 | F14: =COUNTIFS('8ª'!D:D,"F",'8ª'!E:E,"MA") -> 12 | G14: =SUM(E14:F14) -> 20 | H14: =COUNTIFS('8ª'!D:D,"M",'8ª'!E:E,"MC") -> 0 | I14: =COUNTIFS('8ª'!D:D,"F",'8ª'!E:E,"MC") -> 0 | J14: =SUM(H14:I14) -> 0 | K14: {=SUMPRODUCT((('8ª'!D:D="M")*('8ª'!E:E="MA")*(ISNUMBER(SEARCH("INCLUS",UPPER('8ª'!I:I))))))} -> 1 | L14: {=SUMPRODUCT((('8ª'!D:D="F")*('8ª'!E:E="MA")*(ISNUMBER(SEARCH("INCLUS",UPPER('8ª'!I:I))))))} -> 0 | M14: =SUM(K14:L14) -> 1 | N14: {=SUMPRODUCT((('8ª'!D:D="M")*('8ª'!E:E="MA")*(ISNUMBER(SEARCH("DISP",UPPER('8ª'!J:J))))))} -> 0 | O14: {=SUMPRODUCT((('8ª'!D:D="F")*('8ª'!E:E="MA")*(ISNUMBER(SEARCH("DISP",UPPER('8ª'!J:J))))))} -> 7 | P14: =SUM(N14:O14) -> 7
E15: =SUM(E11:E14) -> 23 | F15: =SUM(F11:F14) -> 25 | G15: =SUM(G11:G14) -> 48 | H15: =SUM(H11:H14) -> 0 | I15: =SUM(I11:I14) -> 3 | J15: =SUM(J11:J14) -> 3 | K15: =SUM(K11:K14) -> 2 | L15: =SUM(L11:L14) -> 0 | ... P15: =SUM(P11:P14) -> 24
D16: 1ª EM | E16: =COUNTIFS('1ª EM'!D:D,"M",'1ª EM'!E:E,"MA") -> 13 | F16: =COUNTIFS('1ª EM'!D:D,"F",'1ª EM'!E:E,"MA") -> 13 | G16: =SUM(E16:F16) -> 26 | H16: =COUNTIFS('1ª EM'!D:D,"M",'1ª EM'!E:E,"MC") -> 0 | I16: =COUNTIFS('1ª EM'!D:D,"F",'1ª EM'!E:E,"MC") -> 1 | J16: =SUM(H16:I16) -> 1 | K16: {=SUMPRODUCT((('1ª EM'!D:D="M")*('1ª EM'!E:E="MA")*(ISNUMBER(SEARCH("INCLUS",UPPER('1ª EM'!I:I))))))} -> 0 | L16: {=SUMPRODUCT((('1ª EM'!D:D="F")*('1ª EM'!E:E="MA")*(ISNUMBER(SEARCH("INCLUS",UPPER('1ª EM'!I:I))))))} -> 0 | M16: =SUM(K16:L16) -> 0 | N16: {=SUMPRODUCT((('1ª EM'!D:D="M")*('1ª EM'!E:E="MA")*(ISNUMBER(SEARCH("DISP",UPPER('1ª EM'!J:J))))))} -> 5 | O16: {=SUMPRODUCT((('1ª EM'!D:D="F")*('1ª EM'!E:E="MA")*(ISNUMBER(SEARCH("DISP",UPPER('1ª EM'!J:J))))))} -> 10 | P16: =SUM(N16:O16) -> 15
D17: 2ª EM | E17: =COUNTIFS('2ª EM'!D:D,"M",'2ª EM'!E:E,"MA") -> 11 | F17: =COUNTIFS('2ª EM'!D:D,"F",'2ª EM'!E:E,"MA") -> 9 | G17: =SUM(E17:F17) -> 20 | H17: =COUNTIFS('2ª EM'!D:D,"M",'2ª EM'!E:E,"MC") -> 0 | I17: =COUNTIFS('2ª EM'!D:D,"F",'2ª EM'!E:E,"MC") -> 0 | J17: =SUM(H17:I17) -> 0 | K17: {=SUMPRODUCT((('2ª EM'!D:D="M")*('2ª EM'!E:E="MA")*(ISNUMBER(SEARCH("INCLUS",UPPER('2ª EM'!I:I))))))} -> 1 | L17: {=SUMPRODUCT((('2ª EM'!D:D="F")*('2ª EM'!E:E="MA")*(ISNUMBER(SEARCH("INCLUS",UPPER('2ª EM'!I:I))))))} -> 0 | M17: =SUM(K17:L17) -> 1 | N17: {=SUMPRODUCT((('2ª EM'!D:D="M")*('2ª EM'!E:E="MA")*(ISNUMBER(SEARCH("DISP",UPPER('2ª EM'!J:J))))))} -> 7 | O17: {=SUMPRODUCT((('2ª EM'!D:D="F")*('2ª EM'!E:E="MA")*(ISNUMBER(SEARCH("DISP",UPPER('2ª EM'!J:J))))))} -> 5 | P17: =SUM(N17:O17) -> 12
D18: 3ª EM | E18: =COUNTIFS('3ª EM'!D:D,"M",'3ª EM'!E:E,"MA") -> 14 | F18: =COUNTIFS('3ª EM'!D:D,"F",'3ª EM'!E:E,"MA") -> 20 | G18: =SUM(E18:F18) -> 34 | H18: =COUNTIFS('3ª EM'!D:D,"M",'3ª EM'!E:E,"MC") -> 1 | I18: =COUNTIFS('3ª EM'!D:D,"F",'3ª EM'!E:E,"MC") -> 1 | J18: =SUM(H18:I18) -> 2 | K18: {=SUMPRODUCT((('3ª EM'!D:D="M")*('3ª EM'!E:E="MA")*(ISNUMBER(SEARCH("INCLUS",UPPER('3ª EM'!I:I))))))} -> 1 | L18: {=SUMPRODUCT((('3ª EM'!D:D="F")*('3ª EM'!E:E="MA")*(ISNUMBER(SEARCH("INCLUS",UPPER('3ª EM'!I:I))))))} -> 0 | M18: =SUM(K18:L18) -> 1 | N18: {=SUMPRODUCT((('3ª EM'!D:D="M")*('3ª EM'!E:E="MA")*(ISNUMBER(SEARCH("DISP",UPPER('3ª EM'!J:J))))))} -> 3 | O18: {=SUMPRODUCT((('3ª EM'!D:D="F")*('3ª EM'!E:E="MA")*(ISNUMBER(SEARCH("DISP",UPPER('3ª EM'!J:J))))))} -> 12 | P18: =SUM(N18:O18) -> 15
E19: =SUM(E16:E18) -> 38 | F19: =SUM(F16:F18) -> 42 | G19: =SUM(E19:F19) -> 80 | H19: =SUM(H16:H18) -> 1 | I19: =SUM(I16:I18) -> 2 | J19: =SUM(J16:J18) -> 3 | K19: =SUM(K16:K18) -> 2 | L19: =SUM(L16:L18) -> 0 | M19: =SUM(M16:M18) -> 2 | N19: =SUM(N16:N18) -> 15 | O19: =SUM(O16:O18) -> 27 | P19: =SUM(P16:P18) -> 42
B20: TOTAL | E20: =SUM(E10,E15,E19) -> 68 | F20: =SUM(F10,F15,F19) -> 82 | G20: =SUM(G10,G15,G19) -> 150 | H20: =SUM(H10,H15,H19) -> 2 | I20: =SUM(I10,I15,I19) -> 9 | J20: =SUM(J10,J15,J19) -> 11 | K20: =SUM(K10+K15+K19) -> 4 | L20: =SUM(L10+L15+L19) -> 0 | M20: =SUM(M10,M15,M19) -> 4 | N20: =SUM(N10,N15,N19) -> 28 | O20: =SUM(O10,O15,O19) -> 56 | P20: =SUM(P10,P15,P19) -> 84
E21: Masc. | F21: Fem. | G21: Total | H21: Masc. | I21: Fem. | J21: Total | K21: Masc. | L21: Fem. | M21: Total | N21: Masc. | O21: Fem. | P21: Total
E22: MATRICULAS ATIVAS (MA) | H22: MATRÍCULAS CANCELADAS (MC) | K22: INCLUSÃO | N22: DISP.ED.FÍS.

Sheet 1ª
C1: Município da Estância Balneária de Praia Grande
C2: Estado de São Paulo
C3: E.M. José Padin Mouta
C4: EDUCAÇÃO DE JOVENS DE ADULTOS - EJA - 2º Sem/2025
A5: SÉRIE: 1ª SÉRIE E.F | D5: SALA: | G5: DATA IMPRESSÃO: | H5: =TODAY() -> 45931 | I5: NR. Classe: SED:
A6: Nº | B6: RM | C6: NOME DO ALUNO | D6: S | E6: COD | F6: NASC. | G6: RA | H6: RG | I6: OBS.: | J6: ED. FÍSICA | K6: IDADE | L6: INCLUSÃO | M6: PROFESSOR | N6: PLANO DE AÇÃO | O6: AEE | P6: DEFICIENCIA | Q6: OBS DEFICIENCIA: | R6: C. RODAS | S6: ADEQUAÇÕES | T6: TIPO TE | U6: LOCAL TE | V6: CPF
A7: 1 | B7: 16345 | C7: ELAINE FRANCISCO DE QUEIROZ | D7: F | E7: =IF(COUNTIF(I7,"*MC*")=1,"MC",IF(COUNTIF(I7,"*NCOM*")=1,"NCOM",IF(C7="","","MA"))) -> MA | F7: 30376 | J7: =IF(K7="","",IF(K7>29,"DISP.IDADE","")) -> DISP.IDADE | K7: =IF(F7="","",INT((TODAY()-F7)/365.25)) -> 42 | L7: Não | M7: Eliane | N7: - | O7: - | P7: - | Q7: - | R7: - | S7: -
A8: 2 | B8: 18904 | C8: LENI RODRIGUES DIAS | D8: F | E8: =IF(COUNTIF(I8,"*MC*")=1,"MC",IF(COUNTIF(I8,"*NCOM*")=1,"NCOM",IF(C8="","","MA"))) -> MA | F8: 23323 | J8: =IF(K8="","",IF(K8>29,"DISP.IDADE","")) -> DISP.IDADE | K8: =IF(F8="","",INT((TODAY()-F8)/365.25)) -> 61 | L8: Não | M8: Eliane | N8: - | O8: - | P8: - | Q8: - | R8: - | S8: -
A9: 3 | B9: 18828 | C9: MARIA DA SOLEDADE PENHA SILVA | D9: F | E9: =IF(ISNUMBER(FIND("TE",I9)),"TE",IF(ISNUMBER(FIND("MCC",I9)),"MCC",IF(ISNUMBER(FIND("MC",I9)),"MC","MA"))) -> MA | F9: 25983 | G9: 1258776170 | H9: 36934088-7 | J9: =IF(K9="","",IF(K9>29,"DISP.IDADE","")) -> DISP.IDADE | K9: =IF(F9="","",INT((TODAY()-F9)/365.25)) -> 54 | L9: Não | M9: Eliane | N9: - | O9: - | P9: - | Q9: - | R9: - | S9: - | V9: 65617894404
A10: 4 | E10: =IF(COUNTIF(I10,"*MC*")=1,"MC",IF(COUNTIF(I10,"*NCOM*")=1,"NCOM",IF(C10="","","MA"))) | J10: =IF(K10="","",IF(K10>29,"DISP.IDADE","")) | K10: =IF(F10="","",INT((TODAY()-F10)/365.25)) | L10: Não | M10: Eliane | N10: - | O10: - | P10: - | Q10: - | R10: - | S10: -
A11: 5 | E11: =IF(COUNTIF(I11,"*MC*")=1,"MC",IF(COUNTIF(I11,"*NCOM*")=1,"NCOM",IF(C11="","","MA"))) | J11: =IF(K11="","",IF(K11>29,"DISP.IDADE","")) | K11: =IF(F11="","",INT((TODAY()-F11)/365.25)) | L11: Não | M11: Eliane | N11: - | O11: - | P11: - | Q11: - | R11: - | S11: -
A12: 6 | E12: =IF(COUNTIF(I12,"*MC*")=1,"MC",IF(COUNTIF(I12,"*NCOM*")=1,"NCOM",IF(C12="","","MA"))) | J12: =IF(K12="","",IF(K12>29,"DISP.IDADE","")) | K12: =IF(F12="","",INT((TODAY()-F12)/365.25)) | L12: Não | M12: Eliane | N12: - | O12: - | P12: - | Q12: - | R12: - | S12: -
A13: 7 | E13: =IF(COUNTIF(I13,"*MC*")=1,"MC",IF(COUNTIF(I13,"*NCOM*")=1,"NCOM",IF(C13="","","MA"))) | J13: =IF(K13="","",IF(K13>29,"DISP.IDADE","")) | K13: =IF(F13="","",INT((TODAY()-F13)/365.25)) | L13: Não | M13: Eliane | N13: - | O13: - | P13: - | Q13: - | R13: - | S13: -
A14: 8 | E14: =IF(COUNTIF(I14,"*MC*")=1,"MC",IF(COUNTIF(I14,"*NCOM*")=1,"NCOM",IF(C14="","","MA"))) | J14: =IF(K14="","",IF(K14>29,"DISP.IDADE","")) | K14: =IF(F14="","",INT((TODAY()-F14)/365.25)) | L14: Não | M14: Eliane | N14: - | O14: - | P14: - | Q14: - | R14: - | S14: -
A15: 9 | E15: =IF(COUNTIF(I15,"*MC*")=1,"MC",IF(COUNTIF(I15,"*NCOM*")=1,"NCOM",IF(C15="","","MA"))) | J15: =IF(K15="","",IF(K15>29,"DISP.IDADE","")) | K15: =IF(F15="","",INT((TODAY()-F15)/365.25)) | L15: Não | M15: Eliane | N15: - | O15: - | P15: - | Q15: - | R15: - | S15: -
A16: 10 | E16: =IF(COUNTIF(I16,"*MC*")=1,"MC",IF(COUNTIF(I16,"*NCOM*")=1,"NCOM",IF(C16="","","MA"))) | J16: =IF(K16="","",IF(K16>29,"DISP.IDADE","")) | K16: =IF(F16="","",INT((TODAY()-F16)/365.25)) | L16: Não | M16: Eliane | N16: - | O16: - | P16: - | Q16: - | R16: - | S16: -
A17: 13 | E17: =IF(COUNTIF(I17,"*MC*")=1,"MC",IF(COUNTIF(I17,"*NCOM*")=1,"NCOM",IF(C17="","","MA"))) | J17: =IF(K17="","",IF(K17>29,"DISP.IDADE","")) | K17: =IF(F17="","",INT((TODAY()-F17)/365.25)) | L17: Não | M17: Eliane | N17: - | O17: - | P17: - | Q17: - | R17: - | S17: -
A18: 14 | E18: =IF(COUNTIF(I18,"*MC*")=1,"MC",IF(COUNTIF(I18,"*NCOM*")=1,"NCOM",IF(C18="","","MA"))) | J18: =IF(K18="","",IF(K18>29,"DISP.IDADE","")) | K18: =IF(F18="","",INT((TODAY()-F18)/365.25)) | L18: Não | M18: Eliane | N18: - | O18: - | P18: - | Q18: - | R18: - | S18: -
A19: 15 | E19: =IF(COUNTIF(I19,"*MC*")=1,"MC",IF(COUNTIF(I19,"*NCOM*")=1,"NCOM",IF(C19="","","MA"))) | J19: =IF(K19="","",IF(K19>29,"DISP.IDADE","")) | K19: =IF(F19="","",INT((TODAY()-F19)/365.25)) | L19: Não | M19: Eliane | N19: - | O19: - | P19: - | Q19: - | R19: - | S19: -
A20: 16 | E20: =IF(COUNTIF(I20,"*MC*")=1,"MC",IF(COUNTIF(I20,"*NCOM*")=1,"NCOM",IF(C20="","","MA"))) | J20: =IF(K20="","",IF(K20>29,"DISP.IDADE","")) | K20: =IF(F20="","",INT((TODAY()-F20)/365.25)) | L20: Não | M20: Eliane | N20: - | O20: - | P20: - | Q20: - | R20: - | S20: -
A21: 17 | E21: =IF(COUNTIF(I21,"*MC*")=1,"MC",IF(COUNTIF(I21,"*NCOM*")=1,"NCOM",IF(C21="","","MA"))) | J21: =IF(K21="","",IF(K21>29,"DISP.IDADE","")) | K21: =IF(F21="","",INT((TODAY()-F21)/365.25)) | L21: Não | M21: Eliane | N21: - | O21: - | P21: - | Q21: - | R21: - | S21: -
... A34: 30 | E34: =IF(COUNTIF(I34,"*MC*")=1,"MC",IF(COUNTIF(I34,"*NCOM*")=1,"NCOM",IF(C34="","","MA"))) | J34: =IF(K34="","",IF(K34>29,"DISP.IDADE","")) | K34: =IF(F34="","",INT((TODAY()-F34)/365.25)) | L34: Não | M34: Eliane | N34: - | O34: - | P34: - | Q34: - | R34: - | S34: -

Sheet 2ª
C1: Município da Estância Balneária de Praia Grande
C2: Estado de São Paulo
C3: E.M. José Padin Mouta
C4: EDUCAÇÃO DE JOVENS DE ADULTOS - EJA - 2º Sem/2025
A5: SÉRIE: 2ª SÉRIE E.F | D5: SALA: | G5: DATA IMPRESSÃO: | H5: =TODAY() -> 45931 | I5: NR. Classe: SED:
A6: Nº | B6: RM | C6: NOME DO ALUNO | D6: S | E6: COD | F6: NASC. | G6: RA | H6: RG | I6: OBS.: | J6: ED. FÍSICA | K6: IDADE | L6: INCLUSÃO | M6: PROFESSOR | N6: PLANO DE AÇÃO | O6: AEE | P6: DEFICIENCIA | Q6: OBS DEFICIENCIA: | R6: C. RODAS | S6: ADEQUAÇÕES | T6: TIPO TE | U6: LOCAL TE | V6: CPF
A7: 1 | B7: 13512 | C7: ADMILSON FRANCISCO DE SANTANA | D7: M | E7: =IF(ISNUMBER(FIND("TE",I7)),"TE",IF(ISNUMBER(FIND("MCC",I7)),"MCC",IF(ISNUMBER(FIND("MC",I7)),"MC","MA"))) -> MA | F7: 31434 | G7: 113917115-X | H7: 56170354-1 | J7: =IF(K7="","",IF(K7>29,"DISP.IDADE","")) -> DISP.IDADE | K7: =IF(F7="","",INT((TODAY()-F7)/365.25)) -> 39 | L7: Não | M7: Eliane | N7: - | O7: - | P7: - | Q7: - | R7: - | S7: - | V7: 36810921642
A8: 2 | B8: 18908 | C8: ELIANE IRENE DA SILVA SANTOS | D8: F | E8: =IF(COUNTIF(I8,"*MC*")=1,"MC",IF(COUNTIF(I8,"*NCOM*")=1,"NCOM",IF(C8="","","MA"))) -> MA | F8: 26448 | J8: =IF(K8="","",IF(K8>29,"DISP.IDADE","")) -> DISP.IDADE | K8: =IF(F8="","",INT((TODAY()-F8)/365.25)) -> 53 | L8: Não | M8: Eliane | N8: - | O8: - | P8: - | Q8: - | R8: - | S8: -
A9: 3 | B9: 18911 | C9: RITA DOS SANTOS CORREIA | D9: F | E9: =IF(COUNTIF(I9,"*MC*")=1,"MC",IF(COUNTIF(I9,"*NCOM*")=1,"NCOM",IF(C9="","","MA"))) -> MA | F9: 16697 | G9: 32468373-X | J9: =IF(K9="","",IF(K9>29,"DISP.IDADE","")) -> DISP.IDADE | K9: =IF(F9="","",INT((TODAY()-F9)/365.25)) -> 80 | L9: Não | M9: Eliane | N9: - | O9: - | P9: - | Q9: - | R9: - | S9: -
A10: 4 | B10: 18970 | C10: MARIA CLEUSA DOS SANTOS | D10: F | E10: =IF(COUNTIF(I10,"*MC*")=1,"MC",IF(COUNTIF(I10,"*NCOM*")=1,"NCOM",IF(C10="","","MA"))) -> MA | F10: 25393 | H10: 25427262-9 | J10: =IF(K10="","",IF(K10>29,"DISP.IDADE","")) -> DISP.IDADE | K10: =IF(F10="","",INT((TODAY()-F10)/365.25)) -> 56 | L10: Não | M10: Eliane | N10: - | O10: - | P10: - | Q10: - | R10: - | S10: - | V10: 19765619812
A11: 5 | E11: =IF(COUNTIF(I11,"*MC*")=1,"MC",IF(COUNTIF(I11,"*NCOM*")=1,"NCOM",IF(C11="","","MA"))) | J11: =IF(K11="","",IF(K11>29,"DISP.IDADE","")) | K11: =IF(F11="","",INT((TODAY()-F11)/365.25)) | L11: Não | M11: Eliane | N11: - | O11: - | P11: - | Q11: - | R11: - | S11: -
A12: 6 | E12: =IF(COUNTIF(I12,"*MC*")=1,"MC",IF(COUNTIF(I12,"*NCOM*")=1,"NCOM",IF(C12="","","MA"))) | J12: =IF(K12="","",IF(K12>29,"DISP.IDADE","")) | K12: =IF(F12="","",INT((TODAY()-F12)/365.25)) | L12: Não | M12: Eliane | N12: - | O12: - | P12: - | Q12: - | R12: - | S12: -
A13: 7 | E13: =IF(COUNTIF(I13,"*MC*")=1,"MC",IF(COUNTIF(I13,"*NCOM*")=1,"NCOM",IF(C13="","","MA"))) | J13: =IF(K13="","",IF(K13>29,"DISP.IDADE","")) | K13: =IF(F13="","",INT((TODAY()-F13)/365.25)) | L13: Não | M13: Eliane | N13: - | O13: - | P13: - | Q13: - | R13: - | S13: -
A14: 8 | E14: =IF(COUNTIF(I14,"*MC*")=1,"MC",IF(COUNTIF(I14,"*NCOM*")=1,"NCOM",IF(C14="","","MA"))) | J14: =IF(K14="","",IF(K14>29,"DISP.IDADE","")) | K14: =IF(F14="","",INT((TODAY()-F14)/365.25)) | L14: Não | M14: Eliane | N14: - | O14: - | P14: - | Q14: - | R14: - | S14: -
A15: 9 | E15: =IF(COUNTIF(I15,"*MC*")=1,"MC",IF(COUNTIF(I15,"*NCOM*")=1,"NCOM",IF(C15="","","MA"))) | J15: =IF(K15="","",IF(K15>29,"DISP.IDADE","")) | K15: =IF(F15="","",INT((TODAY()-F15)/365.25)) | L15: Não | M15: Eliane | N15: - | O15: - | P15: - | Q15: - | R15: - | S15: -
A16: 10 | E16: =IF(COUNTIF(I16,"*MC*")=1,"MC",IF(COUNTIF(I16,"*NCOM*")=1,"NCOM",IF(C16="","","MA"))) | J16: =IF(K16="","",IF(K16>29,"DISP.IDADE","")) | K16: =IF(F16="","",INT((TODAY()-F16)/365.25)) | L16: Não | M16: Eliane | N16: - | O16: - | P16: - | Q16: - | R16: - | S16: -
A17: 11 | E17: =IF(COUNTIF(I17,"*MC*")=1,"MC",IF(COUNTIF(I17,"*NCOM*")=1,"NCOM",IF(C17="","","MA"))) | J17: =IF(K17="","",IF(K17>29,"DISP.IDADE","")) | K17: =IF(F17="","",INT((TODAY()-F17)/365.25)) | L17: Não | M17: Eliane | N17: - | O17: - | P17: - | Q17: - | R17: - | S17: -
A18: 12 | E18: =IF(COUNTIF(I18,"*MC*")=1,"MC",IF(COUNTIF(I18,"*NCOM*")=1,"NCOM",IF(C18="","","MA"))) | J18: =IF(K18="","",IF(K18>29,"DISP.IDADE","")) | K18: =IF(F18="","",INT((TODAY()-F18)/365.25)) | L18: Não | M18: Eliane | N18: - | O18: - | P18: - | Q18: - | R18: - | S18: -
A19: 13 | E19: =IF(COUNTIF(I19,"*MC*")=1,"MC",IF(COUNTIF(I19,"*NCOM*")=1,"NCOM",IF(C19="","","MA"))) | J19: =IF(K19="","",IF(K19>29,"DISP.IDADE","")) | K19: =IF(F19="","",INT((TODAY()-F19)/365.25)) | L19: Não | M19: Eliane | N19: - | O19: - | P19: - | Q19: - | R19: - | S19: -
A20: 14 | E20: =IF(COUNTIF(I20,"*MC*")=1,"MC",IF(COUNTIF(I20,"*NCOM*")=1,"NCOM",IF(C20="","","MA"))) | J20: =IF(K20="","",IF(K20>29,"DISP.IDADE","")) | K20: =IF(F20="","",INT((TODAY()-F20)/365.25)) | L20: Não | M20: Eliane | N20: - | O20: - | P20: - | Q20: - | R20: - | S20: -
A21: 15 | E21: =IF(COUNTIF(I21,"*MC*")=1,"MC",IF(COUNTIF(I21,"*NCOM*")=1,"NCOM",IF(C21="","","MA"))) | J21: =IF(K21="","",IF(K21>29,"DISP.IDADE","")) | K21: =IF(F21="","",INT((TODAY()-F21)/365.25)) | L21: Não | M21: Eliane | N21: - | O21: - | P21: - | Q21: - | R21: - | S21: -
A22: 16 | E22: =IF(COUNTIF(I22,"*MC*")=1,"MC",IF(COUNTIF(I22,"*NCOM*")=1,"NCOM",IF(C22="","","MA"))) | J22: =IF(K22="","",IF(K22>29,"DISP.IDADE","")) | K22: =IF(F22="","",INT((TODAY()-F22)/365.25)) | L22: Não | M22: Eliane | N22: - | O22: - | P22: - | Q22: - | R22: - | S22: -
... A32: 26 | E32: =IF(COUNTIF(I32,"*MC*")=1,"MC",IF(COUNTIF(I32,"*NCOM*")=1,"NCOM",IF(C32="","","MA"))) | J32: =IF(K32="","",IF(K32>29,"DISP.IDADE","")) | K32: =IF(F32="","",INT((TODAY()-F32)/365.25)) | L32: Não | M32: Eliane | N32: - | O32: - | P32: - | Q32: - | R32: - | S32: -

Sheet 3ª
C1: Município da Estância Balneária de Praia Grande
C2: Estado de São Paulo
C3: E.M. José Padin Mouta
C4: EDUCAÇÃO DE JOVENS DE ADULTOS - EJA - 2º Sem/2025
A5: SÉRIE: 3ª SÉRIE E.F | D5: SALA: | G5: DATA IMPRESSÃO: | H5: =TODAY() -> 45931 | I5: NR. Classe: SED:
A6: Nº | B6: RM | C6: NOME DO ALUNO | D6: S | E6: COD | F6: NASC. | G6: RA | H6: RG | I6: OBS.: | J6: ED. FÍSICA | K6: IDADE | L6: INCLUSÃO | M6: PROFESSOR | N6: PLANO DE AÇÃO | O6: AEE | P6: DEFICIENCIA | Q6: OBS DEFICIENCIA: | R6: C. RODAS | S6: ADEQUAÇÕES | T6: TIPO TE | U6: LOCAL TE | V6: CPF
A7: 1 | B7: 18767 | C7: CLAUDEMIR JOSE DE AMORIM | D7: M | E7: =IF(ISNUMBER(FIND("TE",I7)),"TE",IF(ISNUMBER(FIND("MCC",I7)),"MCC",IF(ISNUMBER(FIND("MC",I7)),"MC","MA"))) -> MA | F7: 24673 | H7: 69889673-7 | J7: =IF(K7="","",IF(K7>29,"DISP.IDADE","")) -> DISP.IDADE | K7: =IF(F7="","",INT((TODAY()-F7)/365.25)) -> 58 | L7: Não | M7: Eliane | N7: - | O7: - | P7: - | Q7: - | R7: - | S7: - | V7: 3717075799
A8: 2 | B8: 18837 | C8: DIEGO RYAN SANTOS DE ALCANTARA | D8: M | E8: =IF(ISNUMBER(FIND("TE",I8)),"TE",IF(ISNUMBER(FIND("MCC",I8)),"MCC",IF(ISNUMBER(FIND("MC",I8)),"MC","MA"))) -> MA | F8: 40045 | G8: 111223789-6 | J8: =IF(K8="","",IF(K8>29,"DISP.IDADE","")) | K8: =IF(F8="","",INT((TODAY()-F8)/365.25)) -> 16 | L8: Não | M8: Eliane | N8: - | O8: - | P8: - | Q8: - | R8: - | S8: - | V8: 38253371896
A9: 3 | B9: 17989 | C9: ELISA DA COSTA BARRETO | D9: F | E9: =IF(ISNUMBER(FIND("TE",I9)),"TE",IF(ISNUMBER(FIND("MCC",I9)),"MCC",IF(ISNUMBER(FIND("MC",I9)),"MC","MA"))) -> MC | F9: 24447 | G9: 124351785-2 | H9: 52171529-5 | I9: MC - 20/08 | J9: =IF(K9="","",IF(K9>29,"DISP.IDADE","")) -> DISP.IDADE | K9: =IF(F9="","",INT((TODAY()-F9)/365.25)) -> 58 | L9: Não | M9: Eliane | N9: - | O9: - | P9: - | Q9: - | R9: - | S9: - | T9: Sem Informação | U9: MC por Solicitação do Responsavel | V9: 48456511353
A10: 4 | B10: 18839 | C10: JOSE MIGUEL DA SILVA FILHO | D10: M | E10: =IF(ISNUMBER(FIND("TE",I10)),"TE",IF(ISNUMBER(FIND("MCC",I10)),"MCC",IF(ISNUMBER(FIND("MC",I10)),"MC","MA"))) -> MA | F10: 26939 | H10: 26885705 | J10: =IF(K10="","",IF(K10>29,"DISP.IDADE","")) -> DISP.IDADE | K10: =IF(F10="","",INT((TODAY()-F10)/365.25)) -> 51 | L10: Não | M10: Eliane | N10: - | O10: - | P10: - | Q10: - | R10: - | S10: - | V10: 16960997810
A11: 5 | B11: 18357 | C11: JOSETE FERREIRA DAMIAO DA SILVA | D11: F | E11: =IF(ISNUMBER(FIND("TE",I11)),"TE",IF(ISNUMBER(FIND("MCC",I11)),"MCC",IF(ISNUMBER(FIND("MC",I11)),"MC","MA"))) -> MC | F11: 23056 | H11: 67130928-6 | I11: MC - 05/08 | J11: =IF(K11="","",IF(K11>29,"DISP.IDADE","")) -> DISP.IDADE | K11: =IF(F11="","",INT((TODAY()-F11)/365.25)) -> 62 | L11: Não | M11: Eliane | N11: - | O11: - | P11: - | Q11: - | R11: - | S11: - | T11: Sem Informação | U11: MC por Solicitação do Responsavel | V11: 55503535472
A12: 6 | B12: 18747 | C12: MARIA LUCIA LEITE DE OLIVEIRA | D12: F | E12: =IF(ISNUMBER(FIND("TE",I12)),"TE",IF(ISNUMBER(FIND("MCC",I12)),"MCC",IF(ISNUMBER(FIND("MC",I12)),"MC","MA"))) -> MA | F12: 21869 | H12: 131542312 | J12: =IF(K12="","",IF(K12>29,"DISP.IDADE","")) -> DISP.IDADE | K12: =IF(F12="","",INT((TODAY()-F12)/365.25)) -> 65 | L12: Não | M12: Eliane | N12: - | O12: - | P12: - | Q12: - | R12: - | S12: - | V12: 4469768812
A13: 7 | B13: 18906 | C13: MYKAELLY CRISTINA CARVALHO CAMPOS | D13: F | E13: =IF(COUNTIF(I13,"*MC*")=1,"MC",IF(COUNTIF(I13,"*NCOM*")=1,"NCOM",IF(C13="","","MA"))) -> MA | F13: 40161 | G13: 113758780-5 | J13: =IF(K13="","",IF(K13>29,"DISP.IDADE","")) | K13: =IF(F13="","",INT((TODAY()-F13)/365.25)) -> 15 | L13: Não | M13: Eliane | N13: - | O13: - | P13: - | Q13: - | R13: - | S13: -
A14: 8 | E14: =IF(COUNTIF(I14,"*MC*")=1,"MC",IF(COUNTIF(I14,"*NCOM*")=1,"NCOM",IF(C14="","","MA"))) | J14: =IF(K14="","",IF(K14>29,"DISP.IDADE","")) | K14: =IF(F14="","",INT((TODAY()-F14)/365.25)) | L14: Não | M14: Eliane | N14: - | O14: - | P14: - | Q14: - | R14: - | S14: -
A15: 9 | E15: =IF(COUNTIF(I15,"*MC*")=1,"MC",IF(COUNTIF(I15,"*NCOM*")=1,"NCOM",IF(C15="","","MA"))) | J15: =IF(K15="","",IF(K15>29,"DISP.IDADE","")) | K15: =IF(F15="","",INT((TODAY()-F15)/365.25)) | L15: Não | M15: Eliane | N15: - | O15: - | P15: - | Q15: - | R15: - | S15: -
A16: 10 | E16: =IF(COUNTIF(I16,"*MC*")=1,"MC",IF(COUNTIF(I16,"*NCOM*")=1,"NCOM",IF(C16="","","MA"))) | J16: =IF(K16="","",IF(K16>29,"DISP.IDADE","")) | K16: =IF(F16="","",INT((TODAY()-F16)/365.25)) | L16: Não | M16: Eliane | N16: - | O16: - | P16: - | Q16: - | R16: - | S16: -
A17: 11 | E17: =IF(COUNTIF(I17,"*MC*")=1,"MC",IF(COUNTIF(I17,"*NCOM*")=1,"NCOM",IF(C17="","","MA"))) | J17: =IF(K17="","",IF(K17>29,"DISP.IDADE","")) | K17: =IF(F17="","",INT((TODAY()-F17)/365.25)) | L17: Não | M17: Eliane | N17: - | O17: - | P17: - | Q17: - | R17: - | S17: -
A18: 12 | E18: =IF(COUNTIF(I18,"*MC*")=1,"MC",IF(COUNTIF(I18,"*NCOM*")=1,"NCOM",IF(C18="","","MA"))) | J18: =IF(K18="","",IF(K18>29,"DISP.IDADE","")) | K18: =IF(F18="","",INT((TODAY()-F18)/365.25)) | L18: Não | M18: Eliane | N18: - | O18: - | P18: - | Q18: - | R18: - | S18: -
A19: 13 | E19: =IF(COUNTIF(I19,"*MC*")=1,"MC",IF(COUNTIF(I19,"*NCOM*")=1,"NCOM",IF(C19="","","MA"))) | J19: =IF(K19="","",IF(K19>29,"DISP.IDADE","")) | K19: =IF(F19="","",INT((TODAY()-F19)/365.25)) | L19: Não | M19: Eliane | N19: - | O19: - | P19: - | Q19: - | R19: - | S19: -
A20: 14 | E20: =IF(COUNTIF(I20,"*MC*")=1,"MC",IF(COUNTIF(I20,"*NCOM*")=1,"NCOM",IF(C20="","","MA"))) | J20: =IF(K20="","",IF(K20>29,"DISP.IDADE","")) | K20: =IF(F20="","",INT((TODAY()-F20)/365.25)) | L20: Não | M20: Eliane | N20: - | O20: - | P20: - | Q20: - | R20: - | S20: -
A21: 15 | E21: =IF(COUNTIF(I21,"*MC*")=1,"MC",IF(COUNTIF(I21,"*NCOM*")=1,"NCOM",IF(C21="","","MA"))) | J21: =IF(K21="","",IF(K21>29,"DISP.IDADE","")) | K21: =IF(F21="","",INT((TODAY()-F21)/365.25)) | L21: Não | M21: Eliane | N21: - | O21: - | P21: - | Q21: - | R21: - | S21: -
A22: 16 | E22: =IF(COUNTIF(I22,"*MC*")=1,"MC",IF(COUNTIF(I22,"*NCOM*")=1,"NCOM",IF(C22="","","MA"))) | J22: =IF(K22="","",IF(K22>29,"DISP.IDADE","")) | K22: =IF(F22="","",INT((TODAY()-F22)/365.25)) | L22: Não | M22: Eliane | N22: - | O22: - | P22: - | Q22: - | R22: - | S22: -
A23: 17 | E23: =IF(COUNTIF(I23,"*MC*")=1,"MC",IF(COUNTIF(I23,"*NCOM*")=1,"NCOM",IF(C23="","","MA"))) | J23: =IF(K23="","",IF(K23>29,"DISP.IDADE","")) | K23: =IF(F23="","",INT((TODAY()-F23)/365.25)) | L23: Não | M23: Eliane | N23: - | O23: - | P23: - | Q23: - | R23: - | S23: -
A24: 18 | E24: =IF(COUNTIF(I24,"*MC*")=1,"MC",IF(COUNTIF(I24,"*NCOM*")=1,"NCOM",IF(C24="","","MA"))) | J24: =IF(K24="","",IF(K24>29,"DISP.IDADE","")) | K24: =IF(F24="","",INT((TODAY()-F24)/365.25)) | L24: Não | M24: Eliane | N24: - | O24: - | P24: - | Q24: - | R24: - | S24: -
A25: 19 | E25: =IF(COUNTIF(I25,"*MC*")=1,"MC",IF(COUNTIF(I25,"*NCOM*")=1,"NCOM",IF(C25="","","MA"))) | J25: =IF(K25="","",IF(K25>29,"DISP.IDADE","")) | K25: =IF(F25="","",INT((TODAY()-F25)/365.25)) | L25: Não | M25: Eliane | N25: - | O25: - | P25: - | Q25: - | R25: - | S25: -
... A36: 30 | E36: =IF(COUNTIF(I36,"*MC*")=1,"MC",IF(COUNTIF(I36,"*NCOM*")=1,"NCOM",IF(C36="","","MA"))) | J36: =IF(K36="","",IF(K36>29,"DISP.IDADE","")) | K36: =IF(F36="","",INT((TODAY()-F36)/365.25)) | L36: Não | M36: Eliane | N36: - | O36: - | P36: - | Q36: - | R36: - | S36: -

Sheet 4ª
C1: Município da Estância Balneária de Praia Grande
C2: Estado de São Paulo
C3: E.M. José Padin Mouta
C4: EDUCAÇÃO DE JOVENS DE ADULTOS - EJA - 2º Sem/2025
A5: SÉRIE: 4ª SÉRIE E.F | D5: SALA: | G5: DATA IMPRESSÃO: | H5: =TODAY() -> 45931 | I5: NR. Classe: SED:
A6: Nº | B6: RM | C6: NOME DO ALUNO | D6: S | E6: COD | F6: NASC. | G6: RA | H6: RG | I6: OBS.: | J6: ED. FÍSICA | K6: IDADE | L6: INCLUSÃO | M6: PROFESSOR | N6: PLANO DE AÇÃO | O6: AEE | P6: DEFICIENCIA | Q6: OBS DEFICIENCIA: | R6: C. RODAS | S6: ADEQUAÇÕES | T6: TIPO TE | U6: LOCAL TE | V6: CPF
A7: 1 | B7: 18844 | C7: DEBORA CRISTINA GOIS | D7: F | E7: =IF(ISNUMBER(FIND("TE",I7)),"TE",IF(ISNUMBER(FIND("MCC",I7)),"MCC",IF(ISNUMBER(FIND("MC",I7)),"MC","MA"))) -> MA | F7: 27676 | H7: 24.175.609-1 | J7: =IF(K7="","",IF(K7>29,"DISP.IDADE","")) -> DISP.IDADE | K7: =IF(F7="","",INT((TODAY()-F7)/365.25)) -> 49 | L7: Não | M7: Eliane | N7: - | O7: - | P7: - | Q7: - | R7: - | S7: - | V7: 14981407858
A8: 2 | B8: 18903 | C8: EDUARDO PEREIRA DA SILVA | D8: M | E8: =IF(COUNTIF(I8,"*MC*")=1,"MC",IF(COUNTIF(I8,"*NCOM*")=1,"NCOM",IF(C8="","","MA"))) -> MA | F8: 29004 | J8: =IF(K8="","",IF(K8>29,"DISP.IDADE","")) -> DISP.IDADE | K8: =IF(F8="","",INT((TODAY()-F8)/365.25)) -> 46 | L8: Não | M8: Eliane | N8: - | O8: - | P8: - | Q8: - | R8: - | S8: -
A9: 3 | B9: 15909 | C9: ELISANGELA VIANA DOS SANTOS | D9: F | E9: =IF(ISNUMBER(FIND("TE",I9)),"TE",IF(ISNUMBER(FIND("MCC",I9)),"MCC",IF(ISNUMBER(FIND("MC",I9)),"MC","MA"))) -> MC | F9: 30299 | G9: 105910197-X | H9: 36042775-3 | I9: MC - 30/09 | J9: =IF(K9="","",IF(K9>29,"DISP.IDADE","")) -> DISP.IDADE | K9: =IF(F9="","",INT((TODAY()-F9)/365.25)) -> 42 | L9: Não | M9: Eliane | N9: - | O9: - | P9: - | Q9: - | R9: - | S9: - | V9: 595488651
A10: 4 | B10: 18910 | C10: JOÃO VITHOR ANDRADE BARBOSA | D10: M | E10: =IF(COUNTIF(I10,"*MC*")=1,"MC",IF(COUNTIF(I10,"*NCOM*")=1,"NCOM",IF(C10="","","MA"))) -> MA | F10: 40311 | G10: 1111887470 | J10: =IF(K10="","",IF(K10>29,"DISP.IDADE","")) | K10: =IF(F10="","",INT((TODAY()-F10)/365.25)) -> 15 | L10: Não | M10: Eliane | N10: - | O10: - | P10: - | Q10: - | R10: - | S10: -
A11: 5 | B11: 15109 | C11: JOEL SILVA SANTOS | D11: M | E11: =IF(ISNUMBER(FIND("TE",I11)),"TE",IF(ISNUMBER(FIND("MCC",I11)),"MCC",IF(ISNUMBER(FIND("MC",I11)),"MC","MA"))) -> MC | F11: 20529 | G11: 116443134-1 | H11: 52316564-X | I11: MC - 14/07 | J11: =IF(K11="","",IF(K11>29,"DISP.IDADE","")) -> DISP.IDADE | K11: =IF(F11="","",INT((TODAY()-F11)/365.25)) -> 69 | L11: Não | M11: Eliane | N11: - | O11: - | P11: - | Q11: - | R11: - | S11: - | T11: Sem Informação | U11: Solicitação do Aluno/Responsável | V11: 52136564X
A12: 6 | B12: 16431 | C12: JOSE EDUARDO DA SILVA | D12: M | E12: =IF(ISNUMBER(FIND("TE",I12)),"TE",IF(ISNUMBER(FIND("MCC",I12)),"MCC",IF(ISNUMBER(FIND("MC",I12)),"MC","MA"))) -> MA | F12: 25052 | H12: 35247676-X | J12: =IF(K12="","",IF(K12>29,"DISP.IDADE","")) -> DISP.IDADE | K12: =IF(F12="","",INT((TODAY()-F12)/365.25)) -> 57 | L12: Não | M12: Eliane | N12: - | O12: - | P12: - | Q12: - | R12: - | S12: - | V12: 27383355865
A13: 7 | B13: 16682 | C13: MARGARIDA BERNARDINA DOS SANTOS | D13: F | E13: =IF(ISNUMBER(FIND("TE",I13)),"TE",IF(ISNUMBER(FIND("MCC",I13)),"MCC",IF(ISNUMBER(FIND("MC",I13)),"MC","MA"))) -> MA | F13: 19436 | G13: 122047495-2 | H13: 19716916 | J13: =IF(K13="","",IF(K13>29,"DISP.IDADE","")) -> DISP.IDADE | K13: =IF(F13="","",INT((TODAY()-F13)/365.25)) -> 72 | L13: Não | M13: Eliane | N13: - | O13: - | P13: - | Q13: - | R13: - | S13: - | V13: 21589931890
A14: 8 | B14: 18899 | C14: NADIR ESPINDOLA DA SILVA | D14: F | E14: =IF(COUNTIF(I14,"*MC*")=1,"MC",IF(COUNTIF(I14,"*NCOM*")=1,"NCOM",IF(C14="","","MA"))) -> MA | F14: 17179 | H14: 8400889-1 | J14: =IF(K14="","",IF(K14>29,"DISP.IDADE","")) -> DISP.IDADE | K14: =IF(F14="","",INT((TODAY()-F14)/365.25)) -> 78 | L14: Não | M14: Eliane | N14: - | O14: - | P14: - | Q14: - | R14: - | S14: - | V14: 03181205850
A15: 9 | B15: 18539 | C15: REGINA BARBOSA DE SOUZA BATISTA | D15: F | E15: =IF(ISNUMBER(FIND("TE",I15)),"TE",IF(ISNUMBER(FIND("MCC",I15)),"MCC",IF(ISNUMBER(FIND("MC",I15)),"MC","MA"))) -> MA | F15: 17784 | H15: 5891392-0 | J15: =IF(K15="","",IF(K15>29,"DISP.IDADE","")) -> DISP.IDADE | K15: =IF(F15="","",INT((TODAY()-F15)/365.25)) -> 77 | L15: Não | M15: Eliane | N15: - | O15: - | P15: - | Q15: - | R15: - | S15: - | V15: 8950632802
A16: 10 | B16: 18923 | C16: ROSANGELA BORGES DE ABREU | D16: F | E16: =IF(COUNTIF(I16,"*MC*")=1,"MC",IF(COUNTIF(I16,"*NCOM*")=1,"NCOM",IF(C16="","","MA"))) -> MC | F16: 29923 | H16: 372470282 | I16: MC - 30/09 | J16: =IF(K16="","",IF(K16>29,"DISP.IDADE","")) -> DISP.IDADE | K16: =IF(F16="","",INT((TODAY()-F16)/365.25)) -> 43 | L16: Não | M16: Eliane | N16: - | O16: - | P16: - | Q16: - | R16: - | S16: -
A17: 11 | B17: 10330 | C17: SAMARA VITORIA FERREIRA SANTANA | D17: F | E17: =IF(COUNTIF(I17,"*MC*")=1,"MC",IF(COUNTIF(I17,"*NCOM*")=1,"NCOM",IF(C17="","","MA"))) -> MA | F17: 37324 | H17: 69004191-3 | J17: =IF(K17="","",IF(K17>29,"DISP.IDADE","")) | K17: =IF(F17="","",INT((TODAY()-F17)/365.25)) -> 23 | L17: Não | M17: Eliane | N17: - | O17: - | P17: - | Q17: - | R17: - | S17: -
A18: 12 | B18: 18745 | C18: VERA LUCIA BATISTA | D18: F | E18: =IF(ISNUMBER(FIND("TE",I18)),"TE",IF(ISNUMBER(FIND("MCC",I18)),"MCC",IF(ISNUMBER(FIND("MC",I18)),"MC","MA"))) -> MA | F18: 20637 | H18: 12637069-2 | J18: =IF(K18="","",IF(K18>29,"DISP.IDADE","")) -> DISP.IDADE | K18: =IF(F18="","",INT((TODAY()-F18)/365.25)) -> 69 | L18: Não | M18: Eliane | N18: - | O18: - | P18: - | Q18: - | R18: - | S18: -
A19: 13 | B19: 18947 | C19: MARIA VALDENICE MAJOR SOUZA | D19: F | E19: =IF(COUNTIF(I19,"*MC*")=1,"MC",IF(COUNTIF(I19,"*NCOM*")=1,"NCOM",IF(C19="","","MA"))) -> MA | F19: 24739 | H19: 28346876-2 | J19: =IF(K19="","",IF(K19>29,"DISP.IDADE","")) -> DISP.IDADE | K19: =IF(F19="","",INT((TODAY()-F19)/365.25)) -> 58 | L19: Não | M19: Eliane | N19: - | O19: - | P19: - | Q19: - | R19: - | S19: - | V19: 42970539500
A20: 14 | E20: =IF(COUNTIF(I20,"*MC*")=1,"MC",IF(COUNTIF(I20,"*NCOM*")=1,"NCOM",IF(C20="","","MA"))) | J20: =IF(K20="","",IF(K20>29,"DISP.IDADE","")) | K20: =IF(F20="","",INT((TODAY()-F20)/365.25)) | L20: Não | M20: Eliane | N20: - | O20: - | P20: - | Q20: - | R20: - | S20: -
A21: 15 | E21: =IF(COUNTIF(I21,"*MC*")=1,"MC",IF(COUNTIF(I21,"*NCOM*")=1,"NCOM",IF(C21="","","MA"))) | J21: =IF(K21="","",IF(K21>29,"DISP.IDADE","")) | K21: =IF(F21="","",INT((TODAY()-F21)/365.25)) | L21: Não | M21: Eliane | N21: - | O21: - | P21: - | Q21: - | R21: - | S21: -
A22: 16 | E22: =IF(COUNTIF(I22,"*MC*")=1,"MC",IF(COUNTIF(I22,"*NCOM*")=1,"NCOM",IF(C22="","","MA"))) | J22: =IF(K22="","",IF(K22>29,"DISP.IDADE","")) | K22: =IF(F22="","",INT((TODAY()-F22)/365.25)) | L22: Não | M22: Eliane | N22: - | O22: - | P22: - | Q22: - | R22: - | S22: -
A23: 17 | E23: =IF(COUNTIF(I23,"*MC*")=1,"MC",IF(COUNTIF(I23,"*NCOM*")=1,"NCOM",IF(C23="","","MA"))) | J23: =IF(K23="","",IF(K23>29,"DISP.IDADE","")) | K23: =IF(F23="","",INT((TODAY()-F23)/365.25)) | L23: Não | M23: Eliane | N23: - | O23: - | P23: - | Q23: - | R23: - | S23: -
A24: 18 | E24: =IF(COUNTIF(I24,"*MC*")=1,"MC",IF(COUNTIF(I24,"*NCOM*")=1,"NCOM",IF(C24="","","MA"))) | J24: =IF(K24="","",IF(K24>29,"DISP.IDADE","")) | K24: =IF(F24="","",INT((TODAY()-F24)/365.25)) | L24: Não | M24: Eliane | N24: - | O24: - | P24: - | Q24: - | R24: - | S24: -
A25: 19 | E25: =IF(COUNTIF(I25,"*MC*")=1,"MC",IF(COUNTIF(I25,"*NCOM*")=1,"NCOM",IF(C25="","","MA"))) | J25: =IF(K25="","",IF(K25>29,"DISP.IDADE","")) | K25: =IF(F25="","",INT((TODAY()-F25)/365.25)) | L25: Não | M25: Eliane | N25: - | O25: - | P25: - | Q25: - | R25: - | S25: -
A26: 20 | E26: =IF(COUNTIF(I26,"*MC*")=1,"MC",IF(COUNTIF(I26,"*NCOM*")=1,"NCOM",IF(C26="","","MA"))) | J26: =IF(K26="","",IF(K26>29,"DISP.IDADE","")) | K26: =IF(F26="","",INT((TODAY()-F26)/365.25)) | L26: Não | M26: Eliane | N26: - | O26: - | P26: - | Q26: - | R26: - | S26: -
A27: 21 | E27: =IF(COUNTIF(I27,"*MC*")=1,"MC",IF(COUNTIF(I27,"*NCOM*")=1,"NCOM",IF(C27="","","MA"))) | J27: =IF(K27="","",IF(K27>29,"DISP.IDADE","")) | K27: =IF(F27="","",INT((TODAY()-F27)/365.25)) | L27: Não | M27: Eliane | N27: - | O27: - | P27: - | Q27: - | R27: - | S27: -
A28: 22 | E28: =IF(COUNTIF(I28,"*MC*")=1,"MC",IF(COUNTIF(I28,"*NCOM*")=1,"NCOM",IF(C28="","","MA"))) | J28: =IF(K28="","",IF(K28>29,"DISP.IDADE","")) | K28: =IF(F28="","",INT((TODAY()-F28)/365.25)) | L28: Não | M28: Eliane | N28: - | O28: - | P28: - | Q28: - | R28: - | S28: -
A29: 23 | E29: =IF(COUNTIF(I29,"*MC*")=1,"MC",IF(COUNTIF(I29,"*NCOM*")=1,"NCOM",IF(C29="","","MA"))) | J29: =IF(K29="","",IF(K29>29,"DISP.IDADE","")) | K29: =IF(F29="","",INT((TODAY()-F29)/365.25)) | L29: Não | M29: Eliane | N29: - | O29: - | P29: - | Q29: - | R29: - | S29: -
A30: 24 | E30: =IF(COUNTIF(I30,"*MC*")=1,"MC",IF(COUNTIF(I30,"*NCOM*")=1,"NCOM",IF(C30="","","MA"))) | J30: =IF(K30="","",IF(K30>29,"DISP.IDADE","")) | K30: =IF(F30="","",INT((TODAY()-F30)/365.25)) | L30: Não | M30: Eliane | N30: - | O30: - | P30: - | Q30: - | R30: - | S30: -
A31: 25 | E31: =IF(COUNTIF(I31,"*MC*")=1,"MC",IF(COUNTIF(I31,"*NCOM*")=1,"NCOM",IF(C31="","","MA"))) | J31: =IF(K31="","",IF(K31>29,"DISP.IDADE","")) | K31: =IF(F31="","",INT((TODAY()-F31)/365.25)) | L31: Não | M31: Eliane | N31: - | O31: - | P31: - | Q31: - | R31: - | S31: -
... A36: 30 | E36: =IF(COUNTIF(I36,"*MC*")=1,"MC",IF(COUNTIF(I36,"*NCOM*")=1,"NCOM",IF(C36="","","MA"))) | J36: =IF(K36="","",IF(K36>29,"DISP.IDADE","")) | K36: =IF(F36="","",INT((TODAY()-F36)/365.25)) | L36: Não | M36: Eliane | N36: - | O36: - | P36: - | Q36: - | R36: - | S36: -

Sheet 5ª
C1: Município da Estância Balneária de Praia Grande
C2: Estado de São Paulo
C3: E.M. José Padin Mouta
C4: EDUCAÇÃO DE JOVENS DE ADULTOS - EJA - 2º Sem/2025
A5: SÉRIE: 5ª SÉRIE E.F | D5: SALA: | G5: DATA IMPRESSÃO: | H5: =TODAY() -> 45931 | I5: NR. Classe: SED:
A6: Nº | B6: RM | C6: NOME DO ALUNO | D6: S | E6: COD | F6: NASC. | G6: RA | H6: RG | I6: OBS.: | J6: ED. FÍSICA | K6: IDADE | L6: INCLUSÃO | M6: PROFESSOR | N6: PLANO DE AÇÃO | O6: AEE | P6: DEFICIENCIA | Q6: OBS DEFICIENCIA: | R6: C. RODAS | S6: ADEQUAÇÕES | T6: TIPO TE | U6: LOCAL TE | V6: CPF
A7: 1 | B7: 18834 | C7: ELISANGELA DA SILVA SIMOES | D7: F | E7: =IF(ISNUMBER(FIND("TE",I7)),"TE",IF(ISNUMBER(FIND("MCC",I7)),"MCC",IF(ISNUMBER(FIND("MC",I7)),"MC","MA"))) -> MA | F7: 29038 | H7: 36042775-3 | J7: =IF(K7="","",IF(K7>29,"DISP.IDADE","")) -> DISP.IDADE | K7: =IF(F7="","",INT((TODAY()-F7)/365.25)) -> 46 | L7: Não | M7: - | N7: - | O7: - | P7: - | Q7: - | R7: - | S7: - | V7: 29402264825
A8: 2 | B8: 18147 | C8: GILBERTO SOUZA DOS SANTOS | D8: M | E8: =IF(ISNUMBER(FIND("TE",I8)),"TE",IF(ISNUMBER(FIND("MCC",I8)),"MCC",IF(ISNUMBER(FIND("MC",I8)),"MC","MA"))) -> MA | F8: 28241 | H8: 86770586-8 | J8: =IF(K8="","",IF(K8>29,"DISP.IDADE","")) -> DISP.IDADE | K8: =IF(F8="","",INT((TODAY()-F8)/365.25)) -> 48 | L8: Não | M8: - | N8: - | O8: - | P8: - | Q8: - | R8: - | S8: - | V8: 30730034879
A9: 3 | B9: 18902 | C9: LUCILIA VICENTE | D9: F | E9: =IF(COUNTIF(I9,"*MC*")=1,"MC",IF(COUNTIF(I9,"*NCOM*")=1,"NCOM",IF(C9="","","MA"))) -> MA | F9: 22352 | H9: 18062032-0 | J9: =IF(K9="","",IF(K9>29,"DISP.IDADE","")) -> DISP.IDADE | K9: =IF(F9="","",INT((TODAY()-F9)/365.25)) -> 64 | L9: Não | M9: - | N9: - | O9: - | P9: - | Q9: - | R9: - | S9: - | V9: 08325474840
A10: 4 | B10: 17641 | C10: NAISA DO NASCIMENTO SILVA | D10: F | E10: =IF(ISNUMBER(FIND("TE",I10)),"TE",IF(ISNUMBER(FIND("MCC",I10)),"MCC",IF(ISNUMBER(FIND("MC",I10)),"MC","MA"))) -> MA | F10: 26744 | H10: 38574581-3 | J10: =IF(K10="","",IF(K10>29,"DISP.IDADE","")) -> DISP.IDADE | K10: =IF(F10="","",INT((TODAY()-F10)/365.25)) -> 52 | L10: Não | M10: - | N10: - | O10: - | P10: - | Q10: - | R10: - | S10: - | V10: 385745813
A11: 5 | B11: 18314 | C11: ZUDILVA DOS SANTOS ALVES | D11: F | E11: =IF(ISNUMBER(FIND("TE",I11)),"TE",IF(ISNUMBER(FIND("MCC",I11)),"MCC",IF(ISNUMBER(FIND("MC",I11)),"MC","MA"))) -> MC | F11: 20988 | G11: 14124550-5 | H11: 14124550 | I11: MC 19/08 | J11: =IF(K11="","",IF(K11>29,"DISP.IDADE","")) -> DISP.IDADE | K11: =IF(F11="","",INT((TODAY()-F11)/365.25)) -> 68 | L11: Não | M11: - | N11: - | O11: - | P11: - | Q11: - | R11: - | S11: - | T11: Sem Informação | U11: MC por Solicitação do Responsavel | V11: 28889017813
A12: 6 | B12: 18943 | C12: THALLYS GUERRERO PETINELLI | D12: M | E12: =IF(COUNTIF(I12,"*MC*")=1,"MC",IF(COUNTIF(I12,"*NCOM*")=1,"NCOM",IF(C12="","","MA"))) -> MA | F12: 40052 | G12: 112735174-6 | J12: =IF(K12="","",IF(K12>29,"DISP.IDADE","")) | K12: =IF(F12="","",INT((TODAY()-F12)/365.25)) -> 16 | L12: Não | M12: - | N12: - | O12: - | P12: - | Q12: - | R12: - | S12: -
A13: 7 | B13: 18961 | C13: JOSE DILTON SOUZA | D13: M | E13: =IF(COUNTIF(I13,"*MC*")=1,"MC",IF(COUNTIF(I13,"*NCOM*")=1,"NCOM",IF(C13="","","MA"))) -> MA | F13: 22955 | H13: 59.670.935-3 | I13: TR 20/08 | J13: =IF(K13="","",IF(K13>29,"DISP.IDADE","")) -> DISP.IDADE | K13: =IF(F13="","",INT((TODAY()-F13)/365.25)) -> 62 | L13: Não | M13: - | N13: - | O13: - | P13: - | Q13: - | R13: - | S13: - | V13: 990061975-72
A14: 8 | B14: 18971 | C14: LUZINETE APARECIDA DA CONCEIÇÃO OLIVEIRA | D14: F | E14: =IF(COUNTIF(I14,"*MC*")=1,"MC",IF(COUNTIF(I14,"*NCOM*")=1,"NCOM",IF(C14="","","MA"))) -> MA | F14: 25270 | H14: 57122269-9 | I14: TR 22/08 | J14: =IF(K14="","",IF(K14>29,"DISP.IDADE","")) -> DISP.IDADE | K14: =IF(F14="","",INT((TODAY()-F14)/365.25)) -> 56 | L14: Não | M14: - | N14: - | O14: - | P14: - | Q14: - | R14: - | S14: - | V14: 511957715-68
A15: 9 | J15: =IF(K15="","",IF(K15>29,"DISP.IDADE","")) | K15: =IF(F15="","",INT((TODAY()-F15)/365.25)) | L15: Não | M15: - | N15: - | O15: - | P15: - | Q15: - | R15: - | S15: -
A16: 10 | E16: =IF(COUNTIF(I16,"*MC*")=1,"MC",IF(COUNTIF(I16,"*NCOM*")=1,"NCOM",IF(C16="","","MA"))) | J16: =IF(K16="","",IF(K16>29,"DISP.IDADE","")) | K16: =IF(F16="","",INT((TODAY()-F16)/365.25)) | L16: Não | M16: - | N16: - | O16: - | P16: - | Q16: - | R16: - | S16: -
A17: 11 | E17: =IF(COUNTIF(I17,"*MC*")=1,"MC",IF(COUNTIF(I17,"*NCOM*")=1,"NCOM",IF(C17="","","MA"))) | J17: =IF(K17="","",IF(K17>29,"DISP.IDADE","")) | K17: =IF(F17="","",INT((TODAY()-F17)/365.25)) | L17: Não | M17: - | N17: - | O17: - | P17: - | Q17: - | R17: - | S17: -
A18: 12 | E18: =IF(COUNTIF(I18,"*MC*")=1,"MC",IF(COUNTIF(I18,"*NCOM*")=1,"NCOM",IF(C18="","","MA"))) | J18: =IF(K18="","",IF(K18>29,"DISP.IDADE","")) | K18: =IF(F18="","",INT((TODAY()-F18)/365.25)) | L18: Não | M18: - | N18: - | O18: - | P18: - | Q18: - | R18: - | S18: -
A19: 13 | E19: =IF(COUNTIF(I19,"*MC*")=1,"MC",IF(COUNTIF(I19,"*NCOM*")=1,"NCOM",IF(C19="","","MA"))) | J19: =IF(K19="","",IF(K19>29,"DISP.IDADE","")) | K19: =IF(F19="","",INT((TODAY()-F19)/365.25)) | L19: Não | M19: - | N19: - | O19: - | P19: - | Q19: - | R19: - | S19: -
A20: 14 | E20: =IF(COUNTIF(I20,"*MC*")=1,"MC",IF(COUNTIF(I20,"*NCOM*")=1,"NCOM",IF(C20="","","MA"))) | J20: =IF(K20="","",IF(K20>29,"DISP.IDADE","")) | K20: =IF(F20="","",INT((TODAY()-F20)/365.25)) | L20: Não | M20: - | N20: - | O20: - | P20: - | Q20: - | R20: - | S20: -
A21: 15 | E21: =IF(COUNTIF(I21,"*MC*")=1,"MC",IF(COUNTIF(I21,"*NCOM*")=1,"NCOM",IF(C21="","","MA"))) | J21: =IF(K21="","",IF(K21>29,"DISP.IDADE","")) | K21: =IF(F21="","",INT((TODAY()-F21)/365.25)) | L21: Não | M21: - | N21: - | O21: - | P21: - | Q21: - | R21: - | S21: -
A22: 16 | E22: =IF(COUNTIF(I22,"*MC*")=1,"MC",IF(COUNTIF(I22,"*NCOM*")=1,"NCOM",IF(C22="","","MA"))) | J22: =IF(K22="","",IF(K22>29,"DISP.IDADE","")) | K22: =IF(F22="","",INT((TODAY()-F22)/365.25)) | L22: Não | M22: - | N22: - | O22: - | P22: - | Q22: - | R22: - | S22: -
A23: 17 | E23: =IF(COUNTIF(I23,"*MC*")=1,"MC",IF(COUNTIF(I23,"*NCOM*")=1,"NCOM",IF(C23="","","MA"))) | J23: =IF(K23="","",IF(K23>29,"DISP.IDADE","")) | K23: =IF(F23="","",INT((TODAY()-F23)/365.25)) | L23: Não | M23: - | N23: - | O23: - | P23: - | Q23: - | R23: - | S23: -
A24: 18 | E24: =IF(COUNTIF(I24,"*MC*")=1,"MC",IF(COUNTIF(I24,"*NCOM*")=1,"NCOM",IF(C24="","","MA"))) | J24: =IF(K24="","",IF(K24>29,"DISP.IDADE","")) | K24: =IF(F24="","",INT((TODAY()-F24)/365.25)) | L24: Não | M24: - | N24: - | O24: - | P24: - | Q24: - | R24: - | S24: -
A25: 19 | E25: =IF(COUNTIF(I25,"*MC*")=1,"MC",IF(COUNTIF(I25,"*NCOM*")=1,"NCOM",IF(C25="","","MA"))) | J25: =IF(K25="","",IF(K25>29,"DISP.IDADE","")) | K25: =IF(F25="","",INT((TODAY()-F25)/365.25)) | L25: Não | M25: - | N25: - | O25: - | P25: - | Q25: - | R25: - | S25: -
A26: 20 | E26: =IF(COUNTIF(I26,"*MC*")=1,"MC",IF(COUNTIF(I26,"*NCOM*")=1,"NCOM",IF(C26="","","MA"))) | J26: =IF(K26="","",IF(K26>29,"DISP.IDADE","")) | K26: =IF(F26="","",INT((TODAY()-F26)/365.25)) | L26: Não | M26: - | N26: - | O26: - | P26: - | Q26: - | R26: - | S26: -
A27: 21 | E27: =IF(COUNTIF(I27,"*MC*")=1,"MC",IF(COUNTIF(I27,"*NCOM*")=1,"NCOM",IF(C27="","","MA"))) | J27: =IF(K27="","",IF(K27>29,"DISP.IDADE","")) | K27: =IF(F27="","",INT((TODAY()-F27)/365.25)) | L27: Não | M27: - | N27: - | O27: - | P27: - | Q27: - | R27: - | S27: -
... A35: 29 | E35: =IF(COUNTIF(I35,"*MC*")=1,"MC",IF(COUNTIF(I35,"*NCOM*")=1,"NCOM",IF(C35="","","MA"))) | J35: =IF(K35="","",IF(K35>29,"DISP.IDADE","")) | K35: =IF(F35="","",INT((TODAY()-F35)/365.25)) | L35: Não | M35: - | N35: - | O35: - | P35: - | Q35: - | R35: - | S35: -

Sheet 6ª
C1: Município da Estância Balneária de Praia Grande
C2: Estado de São Paulo
C3: E.M. José Padin Mouta
C4: EDUCAÇÃO DE JOVENS DE ADULTOS - EJA - 2º Sem/2025
A5: SÉRIE: 6ª SÉRIE E.F | D5: SALA: | G5: DATA IMPRESSÃO: | H5: =TODAY() -> 45931 | I5: NR. Classe: SED:
A6: Nº | B6: RM | C6: NOME DO ALUNO | D6: S | E6: COD | F6: NASC. | G6: RA | H6: RG | I6: OBS.: | J6: ED. FÍSICA | K6: IDADE | L6: INCLUSÃO | M6: PROFESSOR | N6: PLANO DE AÇÃO | O6: AEE | P6: DEFICIENCIA | Q6: OBS DEFICIENCIA: | R6: C. RODAS | S6: ADEQUAÇÕES | T6: TIPO TE | U6: LOCAL TE | V6: CPF
A7: 1 | B7: 18929 | C7: DANIELA PEREIRA RODRIGUES | D7: F | E7: =IF(COUNTIF(I7,"*MC*")=1,"MC",IF(COUNTIF(I7,"*NCOM*")=1,"NCOM",IF(C7="","","MA"))) -> MA | F7: 32362 | J7: =IF(K7="","",IF(K7>29,"DISP.IDADE","")) -> DISP.IDADE | K7: =IF(F7="","",INT((TODAY()-F7)/365.25)) -> 37 | L7: Não | M7: - | N7: - | O7: - | P7: - | Q7: - | R7: - | S7: -
A8: 2 | B8: 15314 | C8: EDILSON CASSIANO DA SILVA | D8: M | E8: =IF(ISNUMBER(FIND("TE",I8)),"TE",IF(ISNUMBER(FIND("MCC",I8)),"MCC",IF(ISNUMBER(FIND("MC",I8)),"MC","MA"))) -> MA | F8: 22533 | G8: 1167376237 | H8: 54753179-5 | J8: =IF(K8="","",IF(K8>29,"DISP.IDADE","")) -> DISP.IDADE | K8: =IF(F8="","",INT((TODAY()-F8)/365.25)) -> 64 | L8: Não | M8: - | N8: - | O8: - | P8: - | Q8: - | R8: - | S8: - | V8: 38750511491
A9: 3 | B9: 18787 | C9: ELIENIRA JOSE JERONIMO | D9: F | E9: =IF(ISNUMBER(FIND("TE",I9)),"TE",IF(ISNUMBER(FIND("MCC",I9)),"MCC",IF(ISNUMBER(FIND("MC",I9)),"MC","MA"))) -> MA | F9: 23146 | G9: 1258152319 | H9: 52277455-6 | J9: =IF(K9="","",IF(K9>29,"DISP.IDADE","")) -> DISP.IDADE | K9: =IF(F9="","",INT((TODAY()-F9)/365.25)) -> 62 | L9: Não | M9: - | N9: - | O9: - | P9: - | Q9: - | R9: - | S9: - | V9: 59477768472
A10: 4 | B10: 18922 | C10: ERICA TAINA ARAUJO DOS SANTOS | D10: F | E10: =IF(COUNTIF(I10,"*MC*")=1,"MC",IF(COUNTIF(I10,"*NCOM*")=1,"NCOM",IF(C10="","","MA"))) -> MA | F10: 40044 | G10: 112021466X | H10: 478251063 | J10: =IF(K10="","",IF(K10>29,"DISP.IDADE","")) | K10: =IF(F10="","",INT((TODAY()-F10)/365.25)) -> 16 | L10: Não | M10: - | N10: - | O10: - | P10: - | Q10: - | R10: - | S10: -
A11: 5 | B11: 18918 | C11: JOAO VICTOR SANTOS DE FREITAS | D11: M | E11: =IF(COUNTIF(I11,"*MC*")=1,"MC",IF(COUNTIF(I11,"*NCOM*")=1,"NCOM",IF(C11="","","MA"))) -> MA | F11: 38277 | G11: 1036368257 | J11: =IF(K11="","",IF(K11>29,"DISP.IDADE","")) | K11: =IF(F11="","",INT((TODAY()-F11)/365.25)) -> 20 | L11: Não | M11: - | N11: - | O11: - | P11: - | Q11: - | R11: - | S11: -
A12: 6 | B12: 17640 | C12: MARIA NOEMIA DE JESUS REIS SANTOS | D12: F | E12: =IF(ISNUMBER(FIND("TE",I12)),"TE",IF(ISNUMBER(FIND("MCC",I12)),"MCC",IF(ISNUMBER(FIND("MC",I12)),"MC","MA"))) -> MA | F12: 24706 | G12: 103572413-3 | H12: 28852707-0 | J12: =IF(K12="","",IF(K12>29,"DISP.IDADE","")) -> DISP.IDADE | K12: =IF(F12="","",INT((TODAY()-F12)/365.25)) -> 58 | L12: Não | M12: - | N12: - | O12: - | P12: - | Q12: - | R12: - | S12: - | V12: 26496811873
A13: 7 | B13: 18848 | C13: NIVALDO ALVES DA SILVA | D13: M | E13: =IF(ISNUMBER(FIND("TE",I13)),"TE",IF(ISNUMBER(FIND("MCC",I13)),"MCC",IF(ISNUMBER(FIND("MC",I13)),"MC","MA"))) -> MA | F13: 21952 | G13: 1258774379 | H13: 15954125-6 | J13: =IF(K13="","",IF(K13>29,"DISP.IDADE","")) -> DISP.IDADE | K13: =IF(F13="","",INT((TODAY()-F13)/365.25)) -> 65 | L13: Não | M13: - | N13: - | O13: - | P13: - | Q13: - | R13: - | S13: - | V13: 23184710530
A14: 8 | B14: 18128 | C14: SERGIO EMIDIO DA SILVA | D14: M | E14: =IF(ISNUMBER(FIND("TE",I14)),"TE",IF(ISNUMBER(FIND("MCC",I14)),"MCC",IF(ISNUMBER(FIND("MC",I14)),"MC","MA"))) -> MA | F14: 26973 | G14: 1246517358 | H14: 27663883-9 | J14: =IF(K14="","",IF(K14>29,"DISP.IDADE","")) -> DISP.IDADE | K14: =IF(F14="","",INT((TODAY()-F14)/365.25)) -> 51 | L14: Não | M14: - | N14: - | O14: - | P14: - | Q14: - | R14: - | S14: - | V14: 276638839
A15: 9 | B15: 18482 | C15: WANESSA LUIZA DOMINGUES GAJDO | D15: F | E15: =IF(ISNUMBER(FIND("TE",I15)),"TE",IF(ISNUMBER(FIND("MCC",I15)),"MCC",IF(ISNUMBER(FIND("MC",I15)),"MC","MA"))) -> MC | F15: 28420 | G15: 29043550-X | H15: 29043550-X | I15: MC 30/07/2025 | J15: =IF(K15="","",IF(K15>29,"DISP.IDADE","")) -> DISP.IDADE | K15: =IF(F15="","",INT((TODAY()-F15)/365.25)) -> 47 | L15: Não | M15: - | N15: - | O15: - | P15: - | Q15: - | R15: - | S15: - | T15: Rede Estadual | U15: MAX DADA GALLIZZI | V15: 29043550X
A16: 10 | B16: 18969 | C16: EDSON GONSALVES PEREIRA | D16: M | E16: =IF(COUNTIF(I16,"*MC*")=1,"MC",IF(COUNTIF(I16,"*NCOM*")=1,"NCOM",IF(C16="","","MA"))) -> MA | F16: 26157 | H16: 20134080-X | I16: TR 22/08/2025 | J16: =IF(K16="","",IF(K16>29,"DISP.IDADE","")) -> DISP.IDADE | K16: =IF(F16="","",INT((TODAY()-F16)/365.25)) -> 54 | L16: Não | M16: - | N16: - | O16: - | P16: - | Q16: - | R16: - | S16: -
A17: 11 | E17: =IF(COUNTIF(I17,"*MC*")=1,"MC",IF(COUNTIF(I17,"*NCOM*")=1,"NCOM",IF(C17="","","MA"))) | J17: =IF(K17="","",IF(K17>29,"DISP.IDADE","")) | K17: =IF(F17="","",INT((TODAY()-F17)/365.25)) | L17: Não | M17: - | N17: - | O17: - | P17: - | Q17: - | R17: - | S17: -
A18: 12 | E18: =IF(COUNTIF(I18,"*MC*")=1,"MC",IF(COUNTIF(I18,"*NCOM*")=1,"NCOM",IF(C18="","","MA"))) | J18: =IF(K18="","",IF(K18>29,"DISP.IDADE","")) | K18: =IF(F18="","",INT((TODAY()-F18)/365.25)) | L18: Não | M18: - | N18: - | O18: - | P18: - | Q18: - | R18: - | S18: -
A19: 13 | E19: =IF(COUNTIF(I19,"*MC*")=1,"MC",IF(COUNTIF(I19,"*NCOM*")=1,"NCOM",IF(C19="","","MA"))) | J19: =IF(K19="","",IF(K19>29,"DISP.IDADE","")) | K19: =IF(F19="","",INT((TODAY()-F19)/365.25)) | L19: Não | M19: - | N19: - | O19: - | P19: - | Q19: - | R19: - | S19: -
A20: 14 | E20: =IF(COUNTIF(I20,"*MC*")=1,"MC",IF(COUNTIF(I20,"*NCOM*")=1,"NCOM",IF(C20="","","MA"))) | J20: =IF(K20="","",IF(K20>29,"DISP.IDADE","")) | K20: =IF(F20="","",INT((TODAY()-F20)/365.25)) | L20: Não | M20: - | N20: - | O20: - | P20: - | Q20: - | R20: - | S20: -
A21: 15 | E21: =IF(COUNTIF(I21,"*MC*")=1,"MC",IF(COUNTIF(I21,"*NCOM*")=1,"NCOM",IF(C21="","","MA"))) | J21: =IF(K21="","",IF(K21>29,"DISP.IDADE","")) | K21: =IF(F21="","",INT((TODAY()-F21)/365.25)) | L21: Não | M21: - | N21: - | O21: - | P21: - | Q21: - | R21: - | S21: -
A22: 16 | E22: =IF(COUNTIF(I22,"*MC*")=1,"MC",IF(COUNTIF(I22,"*NCOM*")=1,"NCOM",IF(C22="","","MA"))) | J22: =IF(K22="","",IF(K22>29,"DISP.IDADE","")) | K22: =IF(F22="","",INT((TODAY()-F22)/365.25)) | L22: Não | M22: - | N22: - | O22: - | P22: - | Q22: - | R22: - | S22: -
A23: 17 | E23: =IF(COUNTIF(I23,"*MC*")=1,"MC",IF(COUNTIF(I23,"*NCOM*")=1,"NCOM",IF(C23="","","MA"))) | J23: =IF(K23="","",IF(K23>29,"DISP.IDADE","")) | K23: =IF(F23="","",INT((TODAY()-F23)/365.25)) | L23: Não | M23: - | N23: - | O23: - | P23: - | Q23: - | R23: - | S23: -
A24: 18 | E24: =IF(COUNTIF(I24,"*MC*")=1,"MC",IF(COUNTIF(I24,"*NCOM*")=1,"NCOM",IF(C24="","","MA"))) | J24: =IF(K24="","",IF(K24>29,"DISP.IDADE","")) | K24: =IF(F24="","",INT((TODAY()-F24)/365.25)) | L24: Não | M24: - | N24: - | O24: - | P24: - | Q24: - | R24: - | S24: -
A25: 19 | E25: =IF(COUNTIF(I25,"*MC*")=1,"MC",IF(COUNTIF(I25,"*NCOM*")=1,"NCOM",IF(C25="","","MA"))) | J25: =IF(K25="","",IF(K25>29,"DISP.IDADE","")) | K25: =IF(F25="","",INT((TODAY()-F25)/365.25)) | L25: Não | M25: - | N25: - | O25: - | P25: - | Q25: - | R25: - | S25: -
A26: 20 | E26: =IF(COUNTIF(I26,"*MC*")=1,"MC",IF(COUNTIF(I26,"*NCOM*")=1,"NCOM",IF(C26="","","MA"))) | J26: =IF(K26="","",IF(K26>29,"DISP.IDADE","")) | K26: =IF(F26="","",INT((TODAY()-F26)/365.25)) | L26: Não | M26: - | N26: - | O26: - | P26: - | Q26: - | R26: - | S26: -
A27: 21 | E27: =IF(COUNTIF(I27,"*MC*")=1,"MC",IF(COUNTIF(I27,"*NCOM*")=1,"NCOM",IF(C27="","","MA"))) | J27: =IF(K27="","",IF(K27>29,"DISP.IDADE","")) | K27: =IF(F27="","",INT((TODAY()-F27)/365.25)) | L27: Não | M27: - | N27: - | O27: - | P27: - | Q27: - | R27: - | S27: -
A28: 22 | E28: =IF(COUNTIF(I28,"*MC*")=1,"MC",IF(COUNTIF(I28,"*NCOM*")=1,"NCOM",IF(C28="","","MA"))) | J28: =IF(K28="","",IF(K28>29,"DISP.IDADE","")) | K28: =IF(F28="","",INT((TODAY()-F28)/365.25)) | L28: Não | M28: - | N28: - | O28: - | P28: - | Q28: - | R28: - | S28: -
... A35: 29 | E35: =IF(COUNTIF(I35,"*MC*")=1,"MC",IF(COUNTIF(I35,"*NCOM*")=1,"NCOM",IF(C35="","","MA"))) | J35: =IF(K35="","",IF(K35>29,"DISP.IDADE","")) | K35: =IF(F35="","",INT((TODAY()-F35)/365.25)) | L35: Não | M35: - | N35: - | O35: - | P35: - | Q35: - | R35: - | S35: -

Sheet 7ª
C1: Município da Estância Balneária de Praia Grande
C2: Estado de São Paulo
C3: E.M. José Padin Mouta
C4: EDUCAÇÃO DE JOVENS DE ADULTOS - EJA - 2º Sem/2025
A5: SÉRIE: 7ª SÉRIE E.F | D5: SALA: | G5: DATA IMPRESSÃO: | H5: =TODAY() -> 45931 | I5: NR. Classe: SED:
A6: Nº | B6: RM | C6: NOME DO ALUNO | D6: S | E6: COD | F6: NASC. | G6: RA | H6: RG | I6: OBS.: | J6: ED. FÍSICA | K6: IDADE | L6: INCLUSÃO | M6: PROFESSOR | N6: PLANO DE AÇÃO | O6: AEE | P6: DEFICIENCIA | Q6: OBS DEFICIENCIA: | R6: C. RODAS | S6: ADEQUAÇÕES | T6: TIPO TE | U6: LOCAL TE | V6: CPF
A7: 1 | B7: 17679 | C7: ANTONIO CARLOS PIRES DA SILVA | D7: M | E7: =IF(COUNTIF(I7,"*MC*")=1,"MC",IF(COUNTIF(I7,"*NCOM*")=1,"NCOM",IF(C7="","","MA"))) -> MA | F7: 26602 | G7: 123862814-X | H7: 54320288-4 | J7: =IF(K7="","",IF(K7>29,"DISP.IDADE","")) -> DISP.IDADE | K7: =IF(F7="","",INT((TODAY()-F7)/365.25)) -> 52 | L7: Não | M7: - | N7: - | O7: - | P7: - | Q7: - | R7: - | S7: - | V7: 25307778880
A8: 2 | B8: 10179 | C8: CAROLINA DE LIMA | D8: F | E8: =IF(COUNTIF(I8,"*MC*")=1,"MC",IF(COUNTIF(I8,"*NCOM*")=1,"NCOM",IF(C8="","","MA"))) -> MC | F8: 29930 | H8: 36878914 | I8: MC - 30/09 | J8: =IF(K8="","",IF(K8>29,"DISP.IDADE","")) -> DISP.IDADE | K8: =IF(F8="","",INT((TODAY()-F8)/365.25)) -> 43 | L8: Não | M8: - | N8: - | O8: - | P8: - | Q8: - | R8: - | S8: - | V8: 37639844886
A9: 3 | B9: 18847 | C9: DAIANE CRISTINA PEREIRA SANTOS | D9: F | E9: =IF(COUNTIF(I9,"*MC*")=1,"MC",IF(COUNTIF(I9,"*NCOM*")=1,"NCOM",IF(C9="","","MA"))) -> MA | F9: 34343 | H9: 41678834-4 | J9: =IF(K9="","",IF(K9>29,"DISP.IDADE","")) -> DISP.IDADE | K9: =IF(F9="","",INT((TODAY()-F9)/365.25)) -> 31 | L9: Não | M9: - | N9: - | O9: - | P9: - | Q9: - | R9: - | S9: - | V9: 46617404831
A10: 4 | B10: 18768 | C10: IRILENE MARIA DE MELO | D10: F | E10: =IF(COUNTIF(I10,"*MC*")=1,"MC",IF(COUNTIF(I10,"*NCOM*")=1,"NCOM",IF(C10="","","MA"))) -> MA | F10: 19771 | G10: 1257974622 | H10: 66914804-0 | J10: =IF(K10="","",IF(K10>29,"DISP.IDADE","")) -> DISP.IDADE | K10: =IF(F10="","",INT((TODAY()-F10)/365.25)) -> 71 | L10: Não | M10: - | N10: - | O10: - | P10: - | Q10: - | R10: - | S10: - | V10: 26538393772
A11: 5 | B11: 17689 | C11: LUIS PAULO APARECIDO ALVES SOUZA | D11: M | E11: =IF(COUNTIF(I11,"*MC*")=1,"MC",IF(COUNTIF(I11,"*NCOM*")=1,"NCOM",IF(C11="","","MA"))) -> MA | F11: 38487 | G11: 1084133830 | J11: DISP. TRABALHO | K11: =IF(F11="","",INT((TODAY()-F11)/365.25)) -> 20 | L11: Não | M11: - | N11: - | O11: - | P11: - | Q11: - | R11: - | S11: -
A12: 6 | B12: 17188 | C12: RAFAEL ALVARES MARTINS | D12: M | E12: =IF(COUNTIF(I12,"*MC*")=1,"MC",IF(COUNTIF(I12,"*NCOM*")=1,"NCOM",IF(C12="","","MA"))) -> MA | F12: 39857 | G12: 1119728599 | H12: 353987025 | J12: =IF(K12="","",IF(K12>29,"DISP.IDADE","")) | K12: =IF(F12="","",INT((TODAY()-F12)/365.25)) -> 16 | L12: Não | M12: - | N12: - | O12: - | P12: - | Q12: - | R12: - | S12: - | V12: 35366732975
A13: 7 | B13: 18708 | C13: KAMILLY VICTORIA MALTEZ DE OLIVEIRA | D13: F | E13: =IF(COUNTIF(I13,"*MC*")=1,"MC",IF(COUNTIF(I13,"*NCOM*")=1,"NCOM",IF(C13="","","MA"))) -> MA | F13: 39981 | G13: 112506900-X | H13: 63746298-1 | I13: TR 13/08 | J13: =IF(K13="","",IF(K13>29,"DISP.IDADE","")) | K13: =IF(F13="","",INT((TODAY()-F13)/365.25)) -> 16 | L13: Não | M13: - | N13: - | O13: - | P13: - | Q13: - | R13: - | S13: - | V13: 53905592827
A14: 8 | B14: 18953 | C14: LIVIA NOVAIS DA ROCHA | D14: F | E14: =IF(COUNTIF(I14,"*MC*")=1,"MC",IF(COUNTIF(I14,"*NCOM*")=1,"NCOM",IF(C14="","","MA"))) -> MA | F14: 39647 | I14: TR 19/08 | J14: =IF(K14="","",IF(K14>29,"DISP.IDADE","")) | K14: =IF(F14="","",INT((TODAY()-F14)/365.25)) -> 17 | L14: Não | M14: - | N14: - | O14: - | P14: - | Q14: - | R14: - | S14: - | V14: 22881744710
A15: 9 | B15: 18954 | C15: LIVIA SANTOS MIGUEL | D15: F | E15: =IF(COUNTIF(I15,"*MC*")=1,"MC",IF(COUNTIF(I15,"*NCOM*")=1,"NCOM",IF(C15="","","MA"))) -> MA | F15: 39542 | G15: 112334811X | I15: TR 20/08 | J15: =IF(K15="","",IF(K15>29,"DISP.IDADE","")) | K15: =IF(F15="","",INT((TODAY()-F15)/365.25)) -> 17 | L15: Não | M15: - | N15: - | O15: - | P15: - | Q15: - | R15: - | S15: -
A16: 10 | B16: 18955 | C16: BRENO VINICIUS OLIVEIRA DA SILVA | D16: M | E16: MA | F16: 40145 | G16: 1129246905 | I16: TR 20/08 | J16: =IF(K16="","",IF(K16>29,"DISP.IDADE","")) | K16: =IF(F16="","",INT((TODAY()-F16)/365.25)) -> 15 | L16: Não | M16: - | N16: - | O16: - | P16: - | Q16: - | R16: - | S16: -
A17: 11 | B17: 13490 | C17: STEVIE SIGAL GONÇALVES MONTEIRO | D17: M | E17: =IF(COUNTIF(I17,"*MC*")=1,"MC",IF(COUNTIF(I17,"*NCOM*")=1,"NCOM",IF(C17="","","MA"))) -> MA | F17: 35322 | G17: 41298342-4 | H17: 41298342-4 | I17: INCLUSÃO TR 21/08 | J17: =IF(K17="","",IF(K17>29,"DISP.IDADE","")) | K17: =IF(F17="","",INT((TODAY()-F17)/365.25)) -> 29 | L17: Não | M17: - | N17: - | O17: - | P17: - | Q17: - | R17: - | S17: -
A18: 12 | B18: 18960 | C18: WASHINGTON ALVES MARQUES | D18: M | E18: =IF(COUNTIF(I18,"*MC*")=1,"MC",IF(COUNTIF(I18,"*NCOM*")=1,"NCOM",IF(C18="","","MA"))) -> MA | F18: 35506 | H18: 49806518-2 | I18: TR 21/08 | J18: =IF(K18="","",IF(K18>29,"DISP.IDADE","")) | K18: =IF(F18="","",INT((TODAY()-F18)/365.25)) -> 28 | L18: Não | M18: - | N18: - | O18: - | P18: - | Q18: - | R18: - | S18: - | V18: 488481048-19
A19: 13 | B19: 18977 | C19: RYAN EDUARDO FERREIRA SILVA | D19: M | E19: MA | F19: 40067 | G19: 110877963-3 | I19: TR 09/09 | J19: =IF(K19="","",IF(K19>29,"DISP.IDADE","")) | K19: =IF(F19="","",INT((TODAY()-F19)/365.25)) -> 16 | L19: Não | M19: - | N19: - | O19: - | P19: - | Q19: - | R19: - | S19: - | V19: 11323034510
A20: 14 | E20: =IF(COUNTIF(I20,"*MC*")=1,"MC",IF(COUNTIF(I20,"*NCOM*")=1,"NCOM",IF(C20="","","MA"))) | J20: =IF(K20="","",IF(K20>29,"DISP.IDADE","")) | K20: =IF(F20="","",INT((TODAY()-F20)/365.25)) | L20: Não | M20: - | N20: - | O20: - | P20: - | Q20: - | R20: - | S20: -
A21: 15 | E21: =IF(COUNTIF(I21,"*MC*")=1,"MC",IF(COUNTIF(I21,"*NCOM*")=1,"NCOM",IF(C21="","","MA"))) | J21: =IF(K21="","",IF(K21>29,"DISP.IDADE","")) | K21: =IF(F21="","",INT((TODAY()-F21)/365.25)) | L21: Não | M21: - | N21: - | O21: - | P21: - | Q21: - | R21: - | S21: -
A22: 16 | E22: =IF(COUNTIF(I22,"*MC*")=1,"MC",IF(COUNTIF(I22,"*NCOM*")=1,"NCOM",IF(C22="","","MA"))) | J22: =IF(K22="","",IF(K22>29,"DISP.IDADE","")) | K22: =IF(F22="","",INT((TODAY()-F22)/365.25)) | L22: Não | M22: - | N22: - | O22: - | P22: - | Q22: - | R22: - | S22: -
A23: 17 | E23: =IF(COUNTIF(I23,"*MC*")=1,"MC",IF(COUNTIF(I23,"*NCOM*")=1,"NCOM",IF(C23="","","MA"))) | J23: =IF(K23="","",IF(K23>29,"DISP.IDADE","")) | K23: =IF(F23="","",INT((TODAY()-F23)/365.25)) | L23: Não | M23: - | N23: - | O23: - | P23: - | Q23: - | R23: - | S23: -
A24: 18 | E24: =IF(COUNTIF(I24,"*MC*")=1,"MC",IF(COUNTIF(I24,"*NCOM*")=1,"NCOM",IF(C24="","","MA"))) | J24: =IF(K24="","",IF(K24>29,"DISP.IDADE","")) | K24: =IF(F24="","",INT((TODAY()-F24)/365.25)) | L24: Não | M24: - | N24: - | O24: - | P24: - | Q24: - | R24: - | S24: -
A25: 19 | E25: =IF(COUNTIF(I25,"*MC*")=1,"MC",IF(COUNTIF(I25,"*NCOM*")=1,"NCOM",IF(C25="","","MA"))) | J25: =IF(K25="","",IF(K25>29,"DISP.IDADE","")) | K25: =IF(F25="","",INT((TODAY()-F25)/365.25)) | L25: Não | M25: - | N25: - | O25: - | P25: - | Q25: - | R25: - | S25: -
A26: 20 | J26: =IF(K26="","",IF(K26>29,"DISP.IDADE","")) | K26: =IF(F26="","",INT((TODAY()-F26)/365.25)) | L26: Não | M26: - | N26: - | O26: - | P26: - | Q26: - | R26: - | S26: -
A27: 21 | J27: =IF(K27="","",IF(K27>29,"DISP.IDADE","")) | K27: =IF(F27="","",INT((TODAY()-F27)/365.25)) | L27: Não | M27: - | N27: - | O27: - | P27: - | Q27: - | R27: - | S27: -
A28: 22 | J28: =IF(K28="","",IF(K28>29,"DISP.IDADE","")) | K28: =IF(F28="","",INT((TODAY()-F28)/365.25)) | L28: Não | M28: - | N28: - | O28: - | P28: - | Q28: - | R28: - | S28: -
A29: 23 | J29: =IF(K29="","",IF(K29>29,"DISP.IDADE","")) | K29: =IF(F29="","",INT((TODAY()-F29)/365.25)) | L29: Não | M29: - | N29: - | O29: - | P29: - | Q29: - | R29: - | S29: -
A30: 24 | J30: =IF(K30="","",IF(K30>29,"DISP.IDADE","")) | K30: =IF(F30="","",INT((TODAY()-F30)/365.25)) | L30: Não | M30: - | N30: - | O30: - | P30: - | Q30: - | R30: - | S30: -
A31: 25 | J31: =IF(K31="","",IF(K31>29,"DISP.IDADE","")) | K31: =IF(F31="","",INT((TODAY()-F31)/365.25)) | L31: Não | M31: - | N31: - | O31: - | P31: - | Q31: - | R31: - | S31: -
A32: 26 | J32: =IF(K32="","",IF(K32>29,"DISP.IDADE","")) | K32: =IF(F32="","",INT((TODAY()-F32)/365.25)) | L32: Não | M32: - | N32: - | O32: - | P32: - | Q32: - | R32: - | S32: -
A33: 27 | J33: =IF(K33="","",IF(K33>29,"DISP.IDADE","")) | K33: =IF(F33="","",INT((TODAY()-F33)/365.25)) | L33: Não | M33: - | N33: - | O33: - | P33: - | Q33: - | R33: - | S33: -
A34: 28 | J34: =IF(K34="","",IF(K34>29,"DISP.IDADE","")) | K34: =IF(F34="","",INT((TODAY()-F34)/365.25)) | L34: Não | M34: - | N34: - | O34: - | P34: - | Q34: - | R34: - | S34: -

Sheet 8ª
C1: Município da Estância Balneária de Praia Grande
C2: Estado de São Paulo
C3: E.M. José Padin Mouta
C4: EDUCAÇÃO DE JOVENS DE ADULTOS - EJA - 2º Sem/2025
A5: Série: 8ª SÉRIE E.F | D5: SALA: | G5: DATA IMPRESSÃO: | H5: =TODAY() -> 45931 | I5: NR. Classe: SED:
A6: Nº | B6: RM | C6: NOME DO ALUNO | D6: S | E6: COD. | F6: NASC. | G6: RA | H6: RG | I6: OBS.: | J6: ED. FÍSICA | K6: IDADE | L6: INCLUSÃO | M6: PROFESSOR | N6: PLANO DE AÇÃO | O6: AEE | P6: DEFICIENCIA | Q6: OBS DEFICIENCIA: | R6: C. RODAS | S6: ADEQUAÇÕES | T6: TIPO TE | U6: LOCAL TE | V6: CPF
A7: 1 | B7: 18384 | C7: CRISTIANE SOUSA DA SILVA | D7: F | E7: =IF(ISNUMBER(FIND("TE",I7)),"TE",IF(ISNUMBER(FIND("MCC",I7)),"MCC",IF(ISNUMBER(FIND("MC",I7)),"MC","MA"))) -> MA | F7: 26437 | G7: 125161608-2 | H7: 23756495-6 | J7: =IF(K7="","",IF(K7>29,"DISP.IDADE","")) -> DISP.IDADE | K7: =IF(F7="","",INT((TODAY()-F7)/365.25)) -> 53 | L7: Não | M7: - | N7: - | O7: - | P7: - | Q7: - | R7: - | S7: - | V7: 37606976821
A8: 2 | B8: 18784 | C8: DIOGO DA SILVA RIBEIRO | D8: M | E8: =IF(ISNUMBER(FIND("TE",I8)),"TE",IF(ISNUMBER(FIND("MCC",I8)),"MCC",IF(ISNUMBER(FIND("MC",I8)),"MC","MA"))) -> MA | F8: 39312 | G8: 112997197-1 | J8: =IF(K8="","",IF(K8>29,"DISP.IDADE","")) | K8: =IF(F8="","",INT((TODAY()-F8)/365.25)) -> 18 | L8: Não | M8: - | N8: - | O8: - | P8: - | Q8: - | R8: - | S8: - | V8: 56548916859
A9: 3 | B9: 18925 | C9: ERICK YURI DAS NEVES ARAUJO | D9: M | E9: =IF(COUNTIF(I9,"*MC*")=1,"MC",IF(COUNTIF(I9,"*NCOM*")=1,"NCOM",IF(C9="","","MA"))) -> MA | F9: 39277 | G9: 1119844794 | H9: 688552249 | J9: =IF(K9="","",IF(K9>29,"DISP.IDADE","")) | K9: =IF(F9="","",INT((TODAY()-F9)/365.25)) -> 18 | L9: Não | M9: - | N9: - | O9: - | P9: - | Q9: - | R9: - | S9: -
A10: 4 | B10: 18136 | C10: IGOR TURQUIM DE LIMA | D10: M | E10: =IF(ISNUMBER(FIND("TE",I10)),"TE",IF(ISNUMBER(FIND("MCC",I10)),"MCC",IF(ISNUMBER(FIND("MC",I10)),"MC","MA"))) -> MA | F10: 39553 | G10: 111511834-1 | H10: 53352182-8 | J10: =IF(K10="","",IF(K10>29,"DISP.IDADE","")) | K10: =IF(F10="","",INT((TODAY()-F10)/365.25)) -> 17 | L10: Não | M10: - | N10: - | O10: - | P10: - | Q10: - | R10: - | S10: - | V10: 48190975803
A11: 5 | B11: 18783 | C11: JOELMA JESUS DA SILVA | D11: F | E11: =IF(ISNUMBER(FIND("TE",I11)),"TE",IF(ISNUMBER(FIND("MCC",I11)),"MCC",IF(ISNUMBER(FIND("MC",I11)),"MC","MA"))) -> MA | F11: 28980 | G11: 336822856 | H11: 33682285-6 | J11: =IF(K11="","",IF(K11>29,"DISP.IDADE","")) -> DISP.IDADE | K11: =IF(F11="","",INT((TODAY()-F11)/365.25)) -> 46 | L11: Não | M11: - | N11: - | O11: - | P11: - | Q11: - | R11: - | S11: - | V11: 34073227807
A12: 6 | B12: 14959 | C12: LUCIELY GUIMARAES RAMYRO | D12: F | E12: =IF(ISNUMBER(FIND("TE",I12)),"TE",IF(ISNUMBER(FIND("MCC",I12)),"MCC",IF(ISNUMBER(FIND("MC",I12)),"MC","MA"))) -> MA | F12: 40214 | G12: 114046882-0 | H12: 62220892-5 | J12: =IF(K12="","",IF(K12>29,"DISP.IDADE","")) | K12: =IF(F12="","",INT((TODAY()-F12)/365.25)) -> 15 | L12: Não | M12: - | N12: - | O12: - | P12: - | Q12: - | R12: - | S12: - | V12: 47972261881
A13: 7 | B13: 18361 | C13: MARIA EDUARDA DE JESUS LIMA | D13: F | E13: =IF(ISNUMBER(FIND("TE",I13)),"TE",IF(ISNUMBER(FIND("MCC",I13)),"MCC",IF(ISNUMBER(FIND("MC",I13)),"MC","MA"))) -> MA | F13: 39797 | G13: 114523132-9 | H13: 68582455-x | J13: =IF(K13="","",IF(K13>29,"DISP.IDADE","")) | K13: =IF(F13="","",INT((TODAY()-F13)/365.25)) -> 16 | L13: Não | M13: - | N13: - | O13: - | P13: - | Q13: - | R13: - | S13: - | V13: 60645893889
A14: 8 | B14: 18373 | C14: MARIA SANDRA ARAÚJO DE FREITAS | D14: F | E14: =IF(ISNUMBER(FIND("TE",I14)),"TE",IF(ISNUMBER(FIND("MCC",I14)),"MCC",IF(ISNUMBER(FIND("MC",I14)),"MC","MA"))) -> MA | F14: 29282 | G14: 108445542-0 | H14: 56916392 | J14: =IF(K14="","",IF(K14>29,"DISP.IDADE","")) -> DISP.IDADE | K14: =IF(F14="","",INT((TODAY()-F14)/365.25)) -> 45 | L14: Não | M14: - | N14: - | O14: - | P14: - | Q14: - | R14: - | S14: - | V14: 34280361827
A15: 9 | B15: 18912 | C15: MATHEUS LUIZ BARRA SOL RODRIGUES | D15: M | E15: =IF(COUNTIF(I15,"*MC*")=1,"MC",IF(COUNTIF(I15,"*NCOM*")=1,"NCOM",IF(C15="","","MA"))) -> MA | F15: 39493 | G15: 1104489235 | J15: =IF(K15="","",IF(K15>29,"DISP.IDADE","")) | K15: =IF(F15="","",INT((TODAY()-F15)/365.25)) -> 17 | L15: Não | M15: - | N15: - | O15: - | P15: - | Q15: - | R15: - | S15: -
A16: 10 | B16: 18364 | C16: NERRISE DA SILVA MINEGRA | D16: F | E16: =IF(ISNUMBER(FIND("TE",I16)),"TE",IF(ISNUMBER(FIND("MCC",I16)),"MCC",IF(ISNUMBER(FIND("MC",I16)),"MC","MA"))) -> MA | F16: 27650 | G16: 103968916-4 | H16: 59628456-1 | J16: =IF(K16="","",IF(K16>29,"DISP.IDADE","")) -> DISP.IDADE | K16: =IF(F16="","",INT((TODAY()-F16)/365.25)) -> 50 | L16: Não | M16: - | N16: - | O16: - | P16: - | Q16: - | R16: - | S16: - | V16: 02527331424
A17: 11 | B17: 18838 | C17: PIETRO DUARTE RIGAO | D17: M | E17: =IF(ISNUMBER(FIND("TE",I17)),"TE",IF(ISNUMBER(FIND("MCC",I17)),"MCC",IF(ISNUMBER(FIND("MC",I17)),"MC","MA"))) -> MA | F17: 39772 | G17: 1100699648 | H17: 54357189-0 | J17: =IF(K17="","",IF(K17>29,"DISP.IDADE","")) | K17: =IF(F17="","",INT((TODAY()-F17)/365.25)) -> 16 | L17: Não | M17: - | N17: - | O17: - | P17: - | Q17: - | R17: - | S17: - | V17: 2807664911
A18: 12 | B18: 18550 | C18: ROSANGELA MARIA ALVES CHAVES AMORIM | D18: F | E18: =IF(ISNUMBER(FIND("TE",I18)),"TE",IF(ISNUMBER(FIND("MCC",I18)),"MCC",IF(ISNUMBER(FIND("MC",I18)),"MC","MA"))) -> MA | F18: 24924 | G18: 102452870-4 | H18: 18938179-6 | J18: =IF(K18="","",IF(K18>29,"DISP.IDADE","")) -> DISP.IDADE | K18: =IF(F18="","",INT((TODAY()-F18)/365.25)) -> 57 | L18: Não | M18: - | N18: - | O18: - | P18: - | Q18: - | R18: - | S18: - | V18: 29310002808
A19: 13 | B19: 18840 | C19: SOLANGE PEREIRA DE AMORIM | D19: F | E19: =IF(ISNUMBER(FIND("TE",I19)),"TE",IF(ISNUMBER(FIND("MCC",I19)),"MCC",IF(ISNUMBER(FIND("MC",I19)),"MC","MA"))) -> MA | F19: 29361 | G19: 355391120 | H19: 35539112 | J19: =IF(K19="","",IF(K19>29,"DISP.IDADE","")) -> DISP.IDADE | K19: =IF(F19="","",INT((TODAY()-F19)/365.25)) -> 45 | L19: Não | M19: - | N19: - | O19: - | P19: - | Q19: - | R19: - | S19: - | V19: 29225334842
A20: 14 | B20: 18853 | C20: VANESSA RIBEIRO | D20: F | E20: =IF(ISNUMBER(FIND("TE",I20)),"TE",IF(ISNUMBER(FIND("MCC",I20)),"MCC",IF(ISNUMBER(FIND("MC",I20)),"MC","MA"))) -> MA | F20: 38023 | G20: 1090649861 | H20: 67982398-0 | J20: =IF(K20="","",IF(K20>29,"DISP.IDADE","")) | K20: =IF(F20="","",INT((TODAY()-F20)/365.25)) -> 21 | L20: Não | M20: - | N20: - | O20: - | P20: - | Q20: - | R20: - | S20: -
A21: 15 | B21: 18931 | C21: JOAO VICTOR CORREIA CALDAS | D21: M | E21: =IF(COUNTIF(I21,"*MC*")=1,"MC",IF(COUNTIF(I21,"*NCOM*")=1,"NCOM",IF(C21="","","MA"))) -> MA | F21: 39892 | G21: 1116918687 | I21: TR - 28/07 | J21: =IF(K21="","",IF(K21>29,"DISP.IDADE","")) | K21: =IF(F21="","",INT((TODAY()-F21)/365.25)) -> 16 | L21: Não | M21: - | N21: - | O21: - | P21: - | Q21: - | R21: - | S21: -
A22: 16 | B22: 18769 | C22: TANIA NAJARA FERREIRA MATOS | D22: F | E22: =IF(COUNTIF(I22,"*MC*")=1,"MC",IF(COUNTIF(I22,"*NCOM*")=1,"NCOM",IF(C22="","","MA"))) -> MA | F22: 34361 | G22: 49367259-X | H22: 49367259-X | I22: TR 19/08 | J22: =IF(K22="","",IF(K22>29,"DISP.IDADE","")) -> DISP.IDADE | K22: =IF(F22="","",INT((TODAY()-F22)/365.25)) -> 31 | L22: Não | M22: - | N22: - | O22: - | P22: - | Q22: - | R22: - | S22: - | V22: 41140479806
A23: 17 | B23: 18956 | C23: VITORYA APARECIDA ALVES VIANA | D23: F | E23: MA | F23: 39461 | G23: 108796793-4 | H23: 65208639-1 | I23: TR 20/08 | J23: =IF(K23="","",IF(K23>29,"DISP.IDADE","")) | K23: =IF(F23="","",INT((TODAY()-F23)/365.25)) -> 17 | L23: Não | M23: - | N23: - | O23: - | P23: - | Q23: - | R23: - | S23: - | V23: 56064809809
A24: 18 | B24: 18958 | C24: EVERTON RAMOS SILVA | D24: M | E24: MA | F24: 39685 | G24: 111382499-2 | I24: TR 20/08 | J24: =IF(K24="","",IF(K24>29,"DISP.IDADE","")) | K24: =IF(F24="","",INT((TODAY()-F24)/365.25)) -> 17 | L24: Não | M24: - | N24: - | O24: - | P24: - | Q24: - | R24: - | S24: -
A25: 19 | B25: 18962 | C25: FELIPE ZAMPIERI LACERDA SOUZA | D25: M | E25: MA | F25: 39757 | G25: 110956601-3 | H25: 62248131-9 | I25: INCLUSAO TR 20/08 | J25: =IF(K25="","",IF(K25>29,"DISP.IDADE","")) | K25: =IF(F25="","",INT((TODAY()-F25)/365.25)) -> 16 | L25: Sim | M25: - | N25: - | O25: - | P25: - | Q25: - | R25: - | S25: - | V25: 527824818-19
A26: 20 | B26: 18972 | C26: PEDRO MIGUEL DE LIMA RODRIGUES DOS SANTOS | D26: M | E26: =IF(COUNTIF(I26,"*MC*")=1,"MC",IF(COUNTIF(I26,"*NCOM*")=1,"NCOM",IF(C26="","","MA"))) -> NCOM | F26: 40140 | G26: 11424894337 | I26: NCOM 08/09 TR 25/08 | J26: =IF(K26="","",IF(K26>29,"DISP.IDADE","")) | K26: =IF(F26="","",INT((TODAY()-F26)/365.25)) -> 15 | L26: Não | M26: - | N26: - | O26: - | P26: - | Q26: - | R26: - | S26: -
A27: 21 | B27: 18975 | C27: MARIA EDUARDA SANTOS MACHADO | D27: F | E27: MA | F27: 39229 | G27: 112867462-2 | I27: TR 01/09 | J27: =IF(K27="","",IF(K27>29,"DISP.IDADE","")) | K27: =IF(F27="","",INT((TODAY()-F27)/365.25)) -> 18 | L27: Não | M27: - | N27: - | O27: - | P27: - | Q27: - | R27: - | S27: - | V27: 513719268-67
A28: 22 | J28: =IF(K28="","",IF(K28>29,"DISP.IDADE","")) | K28: =IF(F28="","",INT((TODAY()-F28)/365.25)) | L28: Não | M28: - | N28: - | O28: - | P28: - | Q28: - | R28: - | S28: -
A29: 23 | J29: =IF(K29="","",IF(K29>29,"DISP.IDADE","")) | K29: =IF(F29="","",INT((TODAY()-F29)/365.25)) | L29: Não | M29: - | N29: - | O29: - | P29: - | Q29: - | R29: - | S29: -
A30: 24 | J30: =IF(K30="","",IF(K30>29,"DISP.IDADE","")) | K30: =IF(F30="","",INT((TODAY()-F30)/365.25)) | L30: Não | M30: - | N30: - | O30: - | P30: - | Q30: - | R30: - | S30: -
A31: 26 | J31: =IF(K31="","",IF(K31>29,"DISP.IDADE","")) | K31: =IF(F31="","",INT((TODAY()-F31)/365.25))
A32: 27 | J32: =IF(K32="","",IF(K32>29,"DISP.IDADE","")) | K32: =IF(F32="","",INT((TODAY()-F32)/365.25))
A33: 28 | J33: =IF(K33="","",IF(K33>29,"DISP.IDADE","")) | K33: =IF(F33="","",INT((TODAY()-F33)/365.25))
A34: 29 | J34: =IF(K34="","",IF(K34>29,"DISP.IDADE","")) | K34: =IF(F34="","",INT((TODAY()-F34)/365.25))
A35: 30 | J35: =IF(K35="","",IF(K35>29,"DISP.IDADE","")) | K35: =IF(F35="","",INT((TODAY()-F35)/365.25))

Sheet 1ª EM
C1: Município da Estância Balneária de Praia Grande
C2: Estado de São Paulo
C3: E.M. José Padin Mouta
C4: EDUCAÇÃO DE JOVENS DE ADULTOS - EJA - 2º Sem/2025
A5: Série: 1ª SÉRIE E.M | D5: SALA: | G5: DATA IMPRESSÃO: | H5: =TODAY() -> 45931 | I5: NR. Classe: SED:
A6: Nº | B6: RM | C6: NOME DO ALUNO | D6: S | E6: COD. | F6: NASC. | G6: RA | H6: RG | I6: OBS.: | J6: ED. FÍSICA | K6: IDADE | L6: INCLUSÃO | M6: PROFESSOR | N6: PLANO DE AÇÃO | O6: AEE | P6: DEFICIENCIA | Q6: OBS DEFICIENCIA: | R6: C. RODAS | S6: ADEQUAÇÕES | T6: TIPO TE | U6: LOCAL TE | V6: CPF
A7: 1 | B7: 18378 | C7: ALEXANDRINA PILAR | D7: F | E7: =IF(ISNUMBER(FIND("TE",I7)),"TE",IF(ISNUMBER(FIND("MCC",I7)),"MCC",IF(ISNUMBER(FIND("MC",I7)),"MC","MA"))) -> MA | F7: 38204 | H7: 7142872 | J7: =IF(K7="","",IF(K7>29,"DISP.IDADE","")) | K7: =IF(F7="","",INT((TODAY()-F7)/365.25)) -> 21 | L7: Não | M7: - | N7: - | O7: - | P7: - | Q7: - | R7: - | S7: - | V7: 1251769969
A8: 2 | B8: 18909 | C8: ALINE FERNANDA FONTES PINHEIRO | D8: F | E8: =IF(COUNTIF(I8,"*MC*")=1,"MC",IF(COUNTIF(I8,"*NCOM*")=1,"NCOM",IF(C8="","","MA"))) -> MA | F8: 32042 | J8: =IF(K8="","",IF(K8>29,"DISP.IDADE","")) -> DISP.IDADE | K8: =IF(F8="","",INT((TODAY()-F8)/365.25)) -> 38 | L8: Não | M8: - | N8: - | O8: - | P8: - | Q8: - | R8: - | S8: -
A9: 3 | B9: 18893 | C9: CRISTIANE OLIVEIRA SILVA GUALBERTO | D9: F | E9: =IF(COUNTIF(I9,"*MC*")=1,"MC",IF(COUNTIF(I9,"*NCOM*")=1,"NCOM",IF(C9="","","MA"))) -> MA | F9: 32111 | H9: 38946716-9 | J9: =IF(K9="","",IF(K9>29,"DISP.IDADE","")) -> DISP.IDADE | K9: =IF(F9="","",INT((TODAY()-F9)/365.25)) -> 37 | L9: Não | M9: - | N9: - | O9: - | P9: - | Q9: - | R9: - | S9: -
A10: 4 | B10: 18907 | C10: DAILTON ALVES SANTANA | D10: M | E10: =IF(COUNTIF(I10,"*MC*")=1,"MC",IF(COUNTIF(I10,"*NCOM*")=1,"NCOM",IF(C10="","","MA"))) -> MA | F10: 25646 | H10: 212981237 | J10: =IF(K10="","",IF(K10>29,"DISP.IDADE","")) -> DISP.IDADE | K10: =IF(F10="","",INT((TODAY()-F10)/365.25)) -> 55 | L10: Não | M10: - | N10: - | O10: - | P10: - | Q10: - | R10: - | S10: -
A11: 5 | B11: 18924 | C11: DANIELLY SANTOS SANCHES | D11: F | E11: =IF(COUNTIF(I11,"*MC*")=1,"MC",IF(COUNTIF(I11,"*NCOM*")=1,"NCOM",IF(C11="","","MA"))) -> MA | F11: 31224 | G11: 1002353051 | J11: =IF(K11="","",IF(K11>29,"DISP.IDADE","")) -> DISP.IDADE | K11: =IF(F11="","",INT((TODAY()-F11)/365.25)) -> 40 | L11: Não | M11: - | N11: - | O11: - | P11: - | Q11: - | R11: - | S11: -
A12: 6 | B12: 18849 | C12: DOMENICA CRISTINE DE SOUSA | D12: F | E12: =IF(ISNUMBER(FIND("TE",I12)),"TE",IF(ISNUMBER(FIND("MCC",I12)),"MCC",IF(ISNUMBER(FIND("MC",I12)),"MC","MA"))) -> MA | F12: 34965 | H12: 43841041-5 | J12: =IF(K12="","",IF(K12>29,"DISP.IDADE","")) -> DISP.IDADE | K12: =IF(F12="","",INT((TODAY()-F12)/365.25)) -> 30 | L12: Não | M12: - | N12: - | O12: - | P12: - | Q12: - | R12: - | S12: - | V12: 34595265808
A13: 7 | B13: 18494 | C13: FLAVIA APARECIDA DELMONICO | D13: F | E13: =IF(ISNUMBER(FIND("TE",I13)),"TE",IF(ISNUMBER(FIND("MCC",I13)),"MCC",IF(ISNUMBER(FIND("MC",I13)),"MC","MA"))) -> MA | F13: 28207 | H13: 27292451-9 | J13: =IF(K13="","",IF(K13>29,"DISP.IDADE","")) -> DISP.IDADE | K13: =IF(F13="","",INT((TODAY()-F13)/365.25)) -> 48 | L13: Não | M13: - | N13: - | O13: - | P13: - | Q13: - | R13: - | S13: - | V13: 21875878866
A14: 8 | B14: 17409 | C14: ISABELY CUSTODIO | D14: F | E14: =IF(COUNTIF(I14,"*MC*")=1,"MC",IF(COUNTIF(I14,"*NCOM*")=1,"NCOM",IF(C14="","","MA"))) -> MA | F14: 37551 | G14: 1057976672 | J14: =IF(K14="","",IF(K14>29,"DISP.IDADE","")) | K14: =IF(F14="","",INT((TODAY()-F14)/365.25)) -> 22 | L14: Não | M14: - | N14: - | O14: - | P14: - | Q14: - | R14: - | S14: -
A15: 9 | B15: 13988 | C15: JOSÉ LUCAS FERNANDES DE LIMA ALMEIDA | D15: M | E15: =IF(COUNTIF(I15,"*MC*")=1,"MC",IF(COUNTIF(I15,"*NCOM*")=1,"NCOM",IF(C15="","","MA"))) -> MA | F15: 39191 | G15: 1098519164 | J15: =IF(K15="","",IF(K15>29,"DISP.IDADE","")) | K15: =IF(F15="","",INT((TODAY()-F15)/365.25)) -> 18 | L15: Não | M15: - | N15: - | O15: - | P15: - | Q15: - | R15: - | S15: -
A16: 10 | B16: 18896 | C16: LARISSA DE OLIVEIRA MORAES | D16: F | E16: =IF(COUNTIF(I16,"*MC*")=1,"MC",IF(COUNTIF(I16,"*NCOM*")=1,"NCOM",IF(C16="","","MA"))) -> MA | F16: 39252 | H16: 59368267-1 | J16: DISP. TRABALHO | K16: =IF(F16="","",INT((TODAY()-F16)/365.25)) -> 18 | L16: Não | M16: - | N16: - | O16: - | P16: - | Q16: - | R16: - | S16: - | V16: 57930220826
A17: 11 | B17: 18534 | C17: LUCAS RANIERE LUCIO DA SILVA SANTOS | D17: M | E17: =IF(ISNUMBER(FIND("TE",I17)),"TE",IF(ISNUMBER(FIND("MCC",I17)),"MCC",IF(ISNUMBER(FIND("MC",I17)),"MC","MA"))) -> MA | F17: 34824 | G17: 110431248-7 | H17: 56165597-2 | J17: DISP. TRABALHO | K17: =IF(F17="","",INT((TODAY()-F17)/365.25)) -> 30 | L17: Não | M17: - | N17: - | O17: - | P17: - | Q17: - | R17: - | S17: - | V17: 45425203829
A18: 12 | B18: 15276 | C18: LUIS GUSTAVO COSTA SILVA | D18: M | E18: =IF(ISNUMBER(FIND("TE",I18)),"TE",IF(ISNUMBER(FIND("MCC",I18)),"MCC",IF(ISNUMBER(FIND("MC",I18)),"MC","MA"))) -> MA | F18: 39102 | G18: 113268824-3 | H18: 60206334-6 | J18: =IF(K18="","",IF(K18>29,"DISP.IDADE","")) | K18: =IF(F18="","",INT((TODAY()-F18)/365.25)) -> 18 | L18: Não | M18: - | N18: - | O18: - | P18: - | Q18: - | R18: - | S18: - | V18: 1923546805
A19: 13 | B19: 18140 | C19: MARCELO DE SOUSA SILVA | D19: M | E19: =IF(ISNUMBER(FIND("TE",I19)),"TE",IF(ISNUMBER(FIND("MCC",I19)),"MCC",IF(ISNUMBER(FIND("MC",I19)),"MC","MA"))) -> MA | F19: 29821 | G19: 33876244-9 | H19: 33876244-9 | J19: =IF(K19="","",IF(K19>29,"DISP.IDADE","")) -> DISP.IDADE | K19: =IF(F19="","",INT((TODAY()-F19)/365.25)) -> 44 | L19: Não | M19: - | N19: - | O19: - | P19: - | Q19: - | R19: - | S19: - | V19: 30288249810
A20: 14 | B20: 18898 | C20: MARCELO LUIS GUIMARAES BARBOSA | D20: M | E20: =IF(COUNTIF(I20,"*MC*")=1,"MC",IF(COUNTIF(I20,"*NCOM*")=1,"NCOM",IF(C20="","","MA"))) -> MA | F20: 29386 | H20: 32352901-1 | J20: =IF(K20="","",IF(K20>29,"DISP.IDADE","")) -> DISP.IDADE | K20: =IF(F20="","",INT((TODAY()-F20)/365.25)) -> 45 | L20: Não | M20: - | N20: - | O20: - | P20: - | Q20: - | R20: - | S20: - | V20: 28428187843
A21: 15 | B21: 18913 | C21: MARIA DE LOURDES CAVALCANTI CERQUEIRA LEITE | D21: F | E21: =IF(COUNTIF(I21,"*MC*")=1,"MC",IF(COUNTIF(I21,"*NCOM*")=1,"NCOM",IF(C21="","","MA"))) -> MA | F21: 23927 | G21: 1212465945 | J21: =IF(K21="","",IF(K21>29,"DISP.IDADE","")) -> DISP.IDADE | K21: =IF(F21="","",INT((TODAY()-F21)/365.25)) -> 60 | L21: Não | M21: - | N21: - | O21: - | P21: - | Q21: - | R21: - | S21: -
A22: 16 | B22: 18901 | C22: NATALIA APARECIDA LOPEZ SIMPLINI | D22: F | E22: =IF(COUNTIF(I22,"*MC*")=1,"MC",IF(COUNTIF(I22,"*NCOM*")=1,"NCOM",IF(C22="","","MA"))) -> MA | F22: 31133 | H22: 45582017-X | J22: =IF(K22="","",IF(K22>29,"DISP.IDADE","")) -> DISP.IDADE | K22: =IF(F22="","",INT((TODAY()-F22)/365.25)) -> 40 | L22: Não | M22: - | N22: - | O22: - | P22: - | Q22: - | R22: - | S22: - | V22: 06557326678
A23: 17 | B23: 18309 | C23: ROSELENE PEREIRA DA SILVA | D23: F | E23: =IF(ISNUMBER(FIND("TE",I23)),"TE",IF(ISNUMBER(FIND("MCC",I23)),"MCC",IF(ISNUMBER(FIND("MC",I23)),"MC","MA"))) -> MA | F23: 32317 | H23: 32635145-0 | J23: =IF(K23="","",IF(K23>29,"DISP.IDADE","")) -> DISP.IDADE | K23: =IF(F23="","",INT((TODAY()-F23)/365.25)) -> 37 | L23: Não | M23: - | N23: - | O23: - | P23: - | Q23: - | R23: - | S23: - | V23: 39511603817
A24: 18 | B24: 14616 | C24: SARAH BEATRIZ COSTA SOUSA | D24: F | E24: =IF(COUNTIF(I24,"*MC*")=1,"MC",IF(COUNTIF(I24,"*NCOM*")=1,"NCOM",IF(C24="","","MA"))) -> MA | F24: 39181 | H24: 63269396-4 | J24: =IF(K24="","",IF(K24>29,"DISP.IDADE","")) | K24: =IF(F24="","",INT((TODAY()-F24)/365.25)) -> 18 | L24: Não | M24: - | N24: - | O24: - | P24: - | Q24: - | R24: - | S24: - | V24: 02162656655
A25: 19 | B25: 18894 | C25: VANDERLI MARIA SILVA MARQUES | D25: F | E25: =IF(COUNTIF(I25,"*MC*")=1,"MC",IF(COUNTIF(I25,"*NCOM*")=1,"NCOM",IF(C25="","","MA"))) -> MC | F25: 23006 | H25: 33072703-5 | I25: MC - 04/08 | J25: =IF(K25="","",IF(K25>29,"DISP.IDADE","")) -> DISP.IDADE | K25: =IF(F25="","",INT((TODAY()-F25)/365.25)) -> 62 | L25: Não | M25: - | N25: - | O25: - | P25: - | Q25: - | R25: - | S25: - | T25: Sem Informação | U25: MC por Solicitação do Responsavel | V25: 47997559434
A26: 20 | B26: 18479 | C26: VITOR GABRIEL DOS SANTOS | D26: M | E26: =IF(ISNUMBER(FIND("TE",I26)),"TE",IF(ISNUMBER(FIND("MCC",I26)),"MCC",IF(ISNUMBER(FIND("MC",I26)),"MC","MA"))) -> MA | F26: 38824 | G26: 109839956-0 | H26: 65654232-9 | J26: =IF(K26="","",IF(K26>29,"DISP.IDADE","")) | K26: =IF(F26="","",INT((TODAY()-F26)/365.25)) -> 19 | L26: Não | M26: - | N26: - | O26: - | P26: - | Q26: - | R26: - | S26: - | V26: 56887459833
A27: 21 | B27: 18532 | C27: WILLIGTON FRANCISCO DE MELO | D27: M | E27: =IF(ISNUMBER(FIND("TE",I27)),"TE",IF(ISNUMBER(FIND("MCC",I27)),"MCC",IF(ISNUMBER(FIND("MC",I27)),"MC","MA"))) -> MA | F27: 27456 | G27: 104151881-X | H27: 25618282-6 | J27: =IF(K27="","",IF(K27>29,"DISP.IDADE","")) -> DISP.IDADE | K27: =IF(F27="","",INT((TODAY()-F27)/365.25)) -> 50 | L27: Não | M27: - | N27: - | O27: - | P27: - | Q27: - | R27: - | S27: - | V27: 85729566468
A28: 22 | B28: 16662 | C28: JOSE VITOR RAMOS SALVINO | D28: M | E28: MA | F28: 38341 | G28: 105199593-0 | I28: TR 19/08 | J28: =IF(K28="","",IF(K28>29,"DISP.IDADE","")) | K28: =IF(F28="","",INT((TODAY()-F28)/365.25)) -> 20 | L28: Não | M28: - | N28: - | O28: - | P28: - | Q28: - | R28: - | S28: -
A29: 23 | B29: 18957 | C29: THAIS AUGUSTA DA CRUZ BOTELHO | D29: F | E29: MA | F29: 30630 | I29: TR 20/08 | J29: =IF(K29="","",IF(K29>29,"DISP.IDADE","")) -> DISP.IDADE | K29: =IF(F29="","",INT((TODAY()-F29)/365.25)) -> 41 | L29: Não | M29: - | N29: - | O29: - | P29: - | Q29: - | R29: - | S29: - | V29: 33070358861
A30: 24 | B30: 18963 | C30: ALEX RAFAEL DE OLIVEIRA DA SILVA | D30: M | E30: MA | F30: 39238 | G30: 110249581-5 | I30: TR 20/08 | J30: =IF(K30="","",IF(K30>29,"DISP.IDADE","")) | K30: =IF(F30="","",INT((TODAY()-F30)/365.25)) -> 18 | L30: Não | M30: - | N30: - | O30: - | P30: - | Q30: - | R30: - | S30: - | V30: 55977031882
A31: 25 | B31: 18850 | C31: RYQUELMI LUIS SERRANO JOSE | D31: M | E31: MA | F31: 39092 | G31: 110941503-5 | I31: TR 22/08 | J31: =IF(K31="","",IF(K31>29,"DISP.IDADE","")) | K31: =IF(F31="","",INT((TODAY()-F31)/365.25)) -> 18 | L31: Não | M31: - | N31: - | O31: - | P31: - | Q31: - | R31: - | S31: - | V31: 58115459836
A32: 26 | B32: 18966 | C32: RAFAELA VITORIA GUIMARAES DOS SANTOS | D32: F | E32: MA | F32: 39208 | G32: 110694991-2 | I32: TR 22/08 | J32: =IF(K32="","",IF(K32>29,"DISP.IDADE","")) | K32: =IF(F32="","",INT((TODAY()-F32)/365.25)) -> 18 | L32: Não | M32: - | N32: - | O32: - | P32: - | Q32: - | R32: - | S32: -
A33: 27 | B33: 18967 | C33: KAIKE HENRIQUE LIMA DE CARVALHO | D33: M | E33: MA | F33: 38950 | G33: 111325525-0 | I33: TR 22/08 | J33: =IF(K33="","",IF(K33>29,"DISP.IDADE","")) | K33: =IF(F33="","",INT((TODAY()-F33)/365.25)) -> 19 | L33: Não | M33: - | N33: - | O33: - | P33: - | Q33: - | R33: - | S33: -
A34: 28 | B34: 18338 | C34: WHENRY DA SILVA CHAGAS | D34: M | E34: MA | F34: 39253 | G34: 109366012-0 | H34: 53095655-X | I34: TR 28/08 | J34: =IF(K34="","",IF(K34>29,"DISP.IDADE","")) | K34: =IF(F34="","",INT((TODAY()-F34)/365.25)) -> 18 | L34: Não | M34: - | N34: - | O34: - | P34: - | Q34: - | R34: - | S34: - | V34: 53057483801
A35: 29 | J35: =IF(K35="","",IF(K35>29,"DISP.IDADE","")) | K35: =IF(F35="","",INT((TODAY()-F35)/365.25)) | L35: Não | M35: - | N35: - | O35: - | P35: - | Q35: - | R35: - | S35: -

Sheet 2ª EM
C1: Município da Estância Balneária de Praia Grande
C2: Estado de São Paulo
C3: E.M. José Padin Mouta
C4: EDUCAÇÃO DE JOVENS DE ADULTOS - EJA - 2º Sem/2025 | I4: INCLUSÃO
A5: Série: 2ª SÉRIE E.M | D5: SALA: | G5: DATA IMPRESSÃO: | H5: =TODAY() -> 45931 | I5: NR. Classe: SED:
A6: Nº | B6: RM | C6: NOME DO ALUNO | D6: S | E6: COD. | F6: NASC. | G6: RA | H6: RG | I6: OBS.: | J6: ED. FÍSICA | K6: IDADE | L6: INCLUSÃO | M6: PROFESSOR | N6: PLANO DE AÇÃO | O6: AEE | P6: DEFICIENCIA | Q6: OBS DEFICIENCIA: | R6: C. RODAS | S6: ADEQUAÇÕES | T6: TIPO TE | U6: LOCAL TE | V6: CPF
A7: 1 | B7: 18762 | C7: BIANCA SILVA DO ESPIRITO SANTO | D7: F | E7: =IF(ISNUMBER(FIND("TE",I7)),"TE",IF(ISNUMBER(FIND("MCC",I7)),"MCC",IF(ISNUMBER(FIND("MC",I7)),"MC","MA"))) -> MA | F7: 36277 | H7: 57665254-4 | J7: DISP. FILHOS | K7: =IF(F7="","",INT((TODAY()-F7)/365.25)) -> 26 | L7: Não | M7: - | N7: - | O7: - | P7: - | Q7: - | R7: - | S7: - | V7: 44061871897
A8: 2 | B8: 17680 | C8: BRUNO JORGE FONSECA ALEGRET FREIRE | D8: M | E8: =IF(ISNUMBER(FIND("TE",I8)),"TE",IF(ISNUMBER(FIND("MCC",I8)),"MCC",IF(ISNUMBER(FIND("MC",I8)),"MC","MA"))) -> MA | F8: 33444 | G8: 49616164-7 | H8: 36754521-4 | I8: INCLUSÃO | J8: =IF(K8="","",IF(K8>29,"DISP.IDADE","")) -> DISP.IDADE | K8: =IF(F8="","",INT((TODAY()-F8)/365.25)) -> 34 | L8: Sim | M8: - | N8: - | O8: Layde R. Reis Loria | P8: DI | Q8: - | R8: Não | S8: NEN | V8: 33541561807
A9: 3 | B9: 10691 | C9: DANILO FERREIRA DA SILVA | D9: M | E9: =IF(ISNUMBER(FIND("TE",I9)),"TE",IF(ISNUMBER(FIND("MCC",I9)),"MCC",IF(ISNUMBER(FIND("MC",I9)),"MC","MA"))) -> MA | F9: 32987 | G9: 46758338-9 | H9: 46758338-9 | J9: =IF(K9="","",IF(K9>29,"DISP.IDADE","")) -> DISP.IDADE | K9: =IF(F9="","",INT((TODAY()-F9)/365.25)) -> 35 | L9: Não | M9: - | N9: - | O9: - | P9: - | Q9: - | R9: - | S9: - | V9: 41203246803
A10: 4 | B10: 17897 | C10: ERIVALDO DE JESUS SILVA | D10: M | E10: =IF(ISNUMBER(FIND("TE",I10)),"TE",IF(ISNUMBER(FIND("MCC",I10)),"MCC",IF(ISNUMBER(FIND("MC",I10)),"MC","MA"))) -> MA | F10: 31894 | G10: 109755373-5 | H10: 52584368-1 | J10: =IF(K10="","",IF(K10>29,"DISP.IDADE","")) -> DISP.IDADE | K10: =IF(F10="","",INT((TODAY()-F10)/365.25)) -> 38 | L10: Não | M10: - | N10: - | O10: - | P10: - | Q10: - | R10: - | S10: - | V10: 4855641570
A11: 5 | B11: 6267 | C11: FERNANDA APARECIDA CARDOSO | D11: F | E11: =IF(COUNTIF(I11,"*MC*")=1,"MC",IF(COUNTIF(I11,"*NCOM*")=1,"NCOM",IF(C11="","","MA"))) -> MA | F11: 27084 | G11: 24733713-4 | J11: =IF(K11="","",IF(K11>29,"DISP.IDADE","")) -> DISP.IDADE | K11: =IF(F11="","",INT((TODAY()-F11)/365.25)) -> 51 | L11: Não | M11: - | N11: - | O11: - | P11: - | Q11: - | R11: - | S11: -
A12: 6 | B12: 18763 | C12: GABRIEL SANTANA VEIGA | D12: M | E12: =IF(ISNUMBER(FIND("TE",I12)),"TE",IF(ISNUMBER(FIND("MCC",I12)),"MCC",IF(ISNUMBER(FIND("MC",I12)),"MC","MA"))) -> MA | F12: 38753 | H12: 60700670-5 | J12: =IF(K12="","",IF(K12>29,"DISP.IDADE","")) | K12: =IF(F12="","",INT((TODAY()-F12)/365.25)) -> 19 | L12: Não | M12: - | N12: - | O12: - | P12: - | Q12: - | R12: - | S12: - | V12: 51831633833
A13: 7 | B13: 18897 | C13: JOSE VALDIR DE GODOY | D13: M | E13: =IF(ISNUMBER(FIND("TE",I13)),"TE",IF(ISNUMBER(FIND("MCC",I13)),"MCC",IF(ISNUMBER(FIND("MC",I13)),"MC","MA"))) -> MA | F13: 21238 | H13: 10381847-9 | J13: =IF(K13="","",IF(K13>29,"DISP.IDADE","")) -> DISP.IDADE | K13: =IF(F13="","",INT((TODAY()-F13)/365.25)) -> 67 | L13: Não | M13: - | N13: - | O13: - | P13: - | Q13: - | R13: - | S13: - | V13: 85019380849
A14: 8 | B14: 18835 | C14: KAYKI FELIPY BERNARDO SILVA | D14: M | E14: =IF(ISNUMBER(FIND("TE",I14)),"TE",IF(ISNUMBER(FIND("MCC",I14)),"MCC",IF(ISNUMBER(FIND("MC",I14)),"MC","MA"))) -> MA | F14: 39112 | G14: 1227437542 | H14: 32261412-4 | J14: =IF(K14="","",IF(K14>29,"DISP.IDADE","")) | K14: =IF(F14="","",INT((TODAY()-F14)/365.25)) -> 18 | L14: Não | M14: - | N14: - | O14: - | P14: - | Q14: - | R14: - | S14: -
A15: 9 | B15: 18895 | C15: LEONARDO DA ROCHA FREIRE | D15: M | E15: =IF(COUNTIF(I15,"*MC*")=1,"MC",IF(COUNTIF(I15,"*NCOM*")=1,"NCOM",IF(C15="","","MA"))) -> MA | F15: 38479 | H15: 666396206 | J15: DISP.TRABALHO | K15: =IF(F15="","",INT((TODAY()-F15)/365.25)) -> 20 | L15: Não | M15: - | N15: - | O15: - | P15: - | Q15: - | R15: - | S15: - | V15: 58099319877
A16: 10 | B16: 18537 | C16: LINDISELMA CUSTODIO DOS SANTOS | D16: F | E16: =IF(ISNUMBER(FIND("TE",I16)),"TE",IF(ISNUMBER(FIND("MCC",I16)),"MCC",IF(ISNUMBER(FIND("MC",I16)),"MC","MA"))) -> MA | F16: 25914 | H16: 36026584-4 | J16: =IF(K16="","",IF(K16>29,"DISP.IDADE","")) -> DISP.IDADE | K16: =IF(F16="","",INT((TODAY()-F16)/365.25)) -> 54 | L16: Não | M16: - | N16: - | O16: - | P16: - | Q16: - | R16: - | S16: - | V16: 19944095842
A17: 11 | B17: 18536 | C17: MARIA ZILMAR DOS SANTOS ALVES | D17: F | E17: =IF(ISNUMBER(FIND("TE",I17)),"TE",IF(ISNUMBER(FIND("MCC",I17)),"MCC",IF(ISNUMBER(FIND("MC",I17)),"MC","MA"))) -> MA | F17: 20584 | H17: 13887102-4 | J17: =IF(K17="","",IF(K17>29,"DISP.IDADE","")) -> DISP.IDADE | K17: =IF(F17="","",INT((TODAY()-F17)/365.25)) -> 69 | L17: Não | M17: - | N17: - | O17: - | P17: - | Q17: - | R17: - | S17: - | V17: 2536906841
A18: 12 | B18: 7720 | C18: NILSON ARMANDO | D18: M | E18: =IF(ISNUMBER(FIND("TE",I18)),"TE",IF(ISNUMBER(FIND("MCC",I18)),"MCC",IF(ISNUMBER(FIND("MC",I18)),"MC","MA"))) -> MA | F18: 27778 | H18: 15352002-4 | J18: =IF(K18="","",IF(K18>29,"DISP.IDADE","")) -> DISP.IDADE | K18: =IF(F18="","",INT((TODAY()-F18)/365.25)) -> 49 | L18: Não | M18: - | N18: - | O18: - | P18: - | Q18: - | R18: - | S18: - | V18: 25645238893
A19: 13 | B19: 15119 | C19: STEFANI DE MATTOS | D19: F | E19: =IF(ISNUMBER(FIND("TE",I19)),"TE",IF(ISNUMBER(FIND("MCC",I19)),"MCC",IF(ISNUMBER(FIND("MC",I19)),"MC","MA"))) -> MA | F19: 35486 | H19: 39262817-X | J19: =IF(K19="","",IF(K19>29,"DISP.IDADE","")) | K19: =IF(F19="","",INT((TODAY()-F19)/365.25)) -> 28 | L19: Não | M19: - | N19: - | O19: - | P19: - | Q19: - | R19: - | S19: - | V19: 50420423850
A20: 14 | B20: 15860 | C20: VANDERLEI SILVESTRE | D20: M | E20: =IF(ISNUMBER(FIND("TE",I20)),"TE",IF(ISNUMBER(FIND("MCC",I20)),"MCC",IF(ISNUMBER(FIND("MC",I20)),"MC","MA"))) -> MA | F20: 28232 | G20: 120736194-X | H20: 29358534-9 | J20: =IF(K20="","",IF(K20>29,"DISP.IDADE","")) -> DISP.IDADE | K20: =IF(F20="","",INT((TODAY()-F20)/365.25)) -> 48 | L20: Não | M20: - | N20: - | O20: - | P20: - | Q20: - | R20: - | S20: - | V20: 25794538813
A21: 15 | B21: 17549 | C21: YZABELLI GONCALO ROCHA DA SILVA | D21: F | E21: =IF(ISNUMBER(FIND("TE",I21)),"TE",IF(ISNUMBER(FIND("MCC",I21)),"MCC",IF(ISNUMBER(FIND("MC",I21)),"MC","MA"))) -> MA | F21: 36908 | G21: 107337297-2 | H21: 54615091-3 | J21: =IF(K21="","",IF(K21>29,"DISP.IDADE","")) | K21: =IF(F21="","",INT((TODAY()-F21)/365.25)) -> 24 | L21: Não | M21: - | N21: - | O21: - | P21: - | Q21: - | R21: - | S21: - | V21: 23940381870
A22: 16 | B22: 17675 | C22: CLAUDIO HENRIQUE DA SILVA SANTOS | D22: M | E22: =IF(COUNTIF(I22,"*MC*")=1,"MC",IF(COUNTIF(I22,"*NCOM*")=1,"NCOM",IF(C22="","","MA"))) -> MA | F22: 38099 | G22: 103667569-5 | H22: 62409579-4 | I22: TR 19/08 | J22: =IF(K22="","",IF(K22>29,"DISP.IDADE","")) | K22: =IF(F22="","",INT((TODAY()-F22)/365.25)) -> 21 | L22: Não | M22: - | N22: - | O22: - | P22: - | Q22: - | R22: - | S22: - | V22: 58190215841
A23: 17 | B23: 18946 | C23: MARCELLO VICTOR SOUSA LOIOLA | D23: M | E23: =IF(COUNTIF(I23,"*MC*")=1,"MC",IF(COUNTIF(I23,"*NCOM*")=1,"NCOM",IF(C23="","","MA"))) -> MA | F23: 38474 | G23: 108278940-9 | I23: TR 19/08 | J23: =IF(K23="","",IF(K23>29,"DISP.IDADE","")) | K23: =IF(F23="","",INT((TODAY()-F23)/365.25)) -> 20 | L23: Não | M23: - | N23: - | O23: - | P23: - | Q23: - | R23: - | S23: -
A24: 18 | B24: 18833 | C24: SOFIA SANTOS SOUSA | D24: F | E24: =IF(COUNTIF(I24,"*MC*")=1,"MC",IF(COUNTIF(I24,"*NCOM*")=1,"NCOM",IF(C24="","","MA"))) -> MA | F24: 39113 | G24: 11199634-9 | I24: TR 19/08 | J24: =IF(K24="","",IF(K24>29,"DISP.IDADE","")) | K24: =IF(F24="","",INT((TODAY()-F24)/365.25)) -> 18 | L24: Não | M24: - | N24: - | O24: - | P24: - | Q24: - | R24: - | S24: -
A25: 19 | B25: 18949 | C25: LUANA MENEZES SANTOS COSTA | D25: F | E25: =IF(COUNTIF(I25,"*MC*")=1,"MC",IF(COUNTIF(I25,"*NCOM*")=1,"NCOM",IF(C25="","","MA"))) -> MA | F25: 39267 | G25: 110862594-0 | H25: 575896590 | I25: TR 19/08 | J25: =IF(K25="","",IF(K25>29,"DISP.IDADE","")) | K25: =IF(F25="","",INT((TODAY()-F25)/365.25)) -> 18 | L25: Não | M25: - | N25: - | O25: - | P25: - | Q25: - | R25: - | S25: - | V25: 1478436859
A26: 20 | B26: 18951 | C26: TALITA DA SILVA CAMARA DOS SANTOS | D26: F | E26: =IF(COUNTIF(I26,"*MC*")=1,"MC",IF(COUNTIF(I26,"*NCOM*")=1,"NCOM",IF(C26="","","MA"))) -> MA | F26: 31450 | G26: 330483262 | I26: TR 19/08 | J26: =IF(K26="","",IF(K26>29,"DISP.IDADE","")) -> DISP.IDADE | K26: =IF(F26="","",INT((TODAY()-F26)/365.25)) -> 39 | L26: Não | M26: - | N26: - | O26: - | P26: - | Q26: - | R26: - | S26: -
A27: 21 | E27: =IF(COUNTIF(I27,"*MC*")=1,"MC",IF(COUNTIF(I27,"*NCOM*")=1,"NCOM",IF(C27="","","MA"))) | J27: =IF(K27="","",IF(K27>29,"DISP.IDADE","")) | K27: =IF(F27="","",INT((TODAY()-F27)/365.25))
A28: 22 | E28: =IF(COUNTIF(I28,"*MC*")=1,"MC",IF(COUNTIF(I28,"*NCOM*")=1,"NCOM",IF(C28="","","MA"))) | J28: =IF(K28="","",IF(K28>29,"DISP.IDADE","")) | K28: =IF(F28="","",INT((TODAY()-F28)/365.25))
A29: 23 | E29: =IF(COUNTIF(I29,"*MC*")=1,"MC",IF(COUNTIF(I29,"*NCOM*")=1,"NCOM",IF(C29="","","MA"))) | J29: =IF(K29="","",IF(K29>29,"DISP.IDADE","")) | K29: =IF(F29="","",INT((TODAY()-F29)/365.25))
A30: 24 | E30: =IF(COUNTIF(I30,"*MC*")=1,"MC",IF(COUNTIF(I30,"*NCOM*")=1,"NCOM",IF(C30="","","MA"))) | J30: =IF(K30="","",IF(K30>29,"DISP.IDADE","")) | K30: =IF(F30="","",INT((TODAY()-F30)/365.25))
A31: 25 | E31: =IF(COUNTIF(I31,"*MC*")=1,"MC",IF(COUNTIF(I31,"*NCOM*")=1,"NCOM",IF(C31="","","MA"))) | J31: =IF(K31="","",IF(K31>29,"DISP.IDADE",""))
A32: 26 | J32: =IF(K32="","",IF(K32>29,"DISP.IDADE",""))
A33: 27 | J33: =IF(K33="","",IF(K33>29,"DISP.IDADE",""))
A34: 28
A35: 29

Sheet 3ª EM
C1: Município da Estância Balneária de Praia Grande
C2: Estado de São Paulo
C3: E.M. José Padin Mouta
C4: EDUCAÇÃO DE JOVENS DE ADULTOS - EJA - 2º Sem/2025
A5: Série: 3ª SÉRIE E.M | D5: SALA: | G5: DATA IMPRESSÃO: | H5: =TODAY() -> 45931 | I5: NR. Classe: SED:
A6: Nº | B6: RM | C6: NOME DO ALUNO | D6: S | E6: COD. | F6: NASC. | G6: RA | H6: RG | I6: OBS.: | J6: ED. FÍSICA | K6: IDADE | L6: INCLUSÃO | M6: PROFESSOR | N6: PLANO DE AÇÃO | O6: AEE | P6: DEFICIENCIA | Q6: OBS DEFICIENCIA: | R6: C. RODAS | S6: ADEQUAÇÕES | T6: TIPO TE | U6: LOCAL TE | V6: CPF
A7: 1 | B7: 18048 | C7: ANDERSON RODRIGUES NASCIMENTO | D7: M | E7: =IF(COUNTIF(I7,"*MC*")=1,"MC",IF(COUNTIF(I7,"*NCOM*")=1,"NCOM",IF(C7="","","MA"))) -> MA | F7: 36935 | H7: 67113602-1 | J7: DISP. TRABALHO | K7: =IF(F7="","",INT((TODAY()-F7)/365.25)) -> 24 | L7: Não | M7: - | N7: - | O7: - | P7: - | Q7: - | R7: - | S7: - | V7: 09730611548
A8: 2 | B8: 18900 | C8: ANDREI LLOBREGAT MANES | D8: M | E8: =IF(COUNTIF(I8,"*MC*")=1,"MC",IF(COUNTIF(I8,"*NCOM*")=1,"NCOM",IF(C8="","","MA"))) -> MA | F8: 38538 | G8: 1063028115 | H8: 62682461-8 | J8: =IF(K8="","",IF(K8>29,"DISP.IDADE","")) | K8: =IF(F8="","",INT((TODAY()-F8)/365.25)) -> 20 | L8: Não | M8: - | N8: - | O8: - | P8: - | Q8: - | R8: - | S8: - | V8: 50889284830
A9: 3 | B9: 18119 | C9: ASSUNTA NADIM | D9: F | E9: =IF(COUNTIF(I9,"*MC*")=1,"MC",IF(COUNTIF(I9,"*NCOM*")=1,"NCOM",IF(C9="","","MA"))) -> MA | F9: 22363 | G9: 123764031-3 | H9: 11417321-7 | J9: =IF(K9="","",IF(K9>29,"DISP.IDADE","")) -> DISP.IDADE | K9: =IF(F9="","",INT((TODAY()-F9)/365.25)) -> 64 | L9: Não | M9: - | N9: - | O9: - | P9: - | Q9: - | R9: - | S9: - | V9: 03368695843
A10: 4 | B10: 18928 | C10: CLAYTON VINICIUS VIANA COSTA DOS SANTOS | D10: M | E10: =IF(COUNTIF(I10,"*MC*")=1,"MC",IF(COUNTIF(I10,"*NCOM*")=1,"NCOM",IF(C10="","","MA"))) -> MC | F10: 39214 | G10: 1084196700 | I10: MC - 30/09 | J10: =IF(K10="","",IF(K10>29,"DISP.IDADE","")) | K10: =IF(F10="","",INT((TODAY()-F10)/365.25)) -> 18 | L10: Não | M10: - | N10: - | O10: - | P10: - | Q10: - | R10: - | S10: -
A11: 5 | B11: 18926 | C11: DAMARIS ELIZABETH | D11: F | E11: =IF(COUNTIF(I11,"*MC*")=1,"MC",IF(COUNTIF(I11,"*NCOM*")=1,"NCOM",IF(C11="","","MA"))) -> MA | F11: 38782 | J11: =IF(K11="","",IF(K11>29,"DISP.IDADE","")) | K11: =IF(F11="","",INT((TODAY()-F11)/365.25)) -> 19 | L11: Não | M11: - | N11: - | O11: - | P11: - | Q11: - | R11: - | S11: -
A12: 6 | B12: 18914 | C12: DOMENICA SANTOS DA SILVA TOZZI | D12: F | E12: =IF(COUNTIF(I12,"*MC*")=1,"MC",IF(COUNTIF(I12,"*NCOM*")=1,"NCOM",IF(C12="","","MA"))) -> MC | F12: 32378 | G12: 44769369-4 | I12: MC 18/09 | J12: =IF(K12="","",IF(K12>29,"DISP.IDADE","")) -> DISP.IDADE | K12: =IF(F12="","",INT((TODAY()-F12)/365.25)) -> 37 | L12: Não | M12: - | N12: - | O12: - | P12: - | Q12: - | R12: - | S12: -
A13: 7 | B13: 18489 | C13: ELENICE MARIA DO PATROCINIO | D13: F | E13: =IF(COUNTIF(I13,"*MC*")=1,"MC",IF(COUNTIF(I13,"*NCOM*")=1,"NCOM",IF(C13="","","MA"))) -> MA | F13: 29094 | G13: 34153067-0 | H13: 34153067-0 | J13: =IF(K13="","",IF(K13>29,"DISP.IDADE","")) -> DISP.IDADE | K13: =IF(F13="","",INT((TODAY()-F13)/365.25)) -> 46 | L13: Não | M13: - | N13: - | O13: - | P13: - | Q13: - | R13: - | S13: - | V13: 28199621818
A14: 8 | B14: 18921 | C14: EVILYN DE AGRELA BEGUETTO | D14: F | E14: =IF(COUNTIF(I14,"*MC*")=1,"MC",IF(COUNTIF(I14,"*NCOM*")=1,"NCOM",IF(C14="","","MA"))) -> MA | F14: 39175 | G14: 1077171845 | J14: =IF(K14="","",IF(K14>29,"DISP.IDADE","")) | K14: =IF(F14="","",INT((TODAY()-F14)/365.25)) -> 18 | L14: Não | M14: - | N14: - | O14: - | P14: - | Q14: - | R14: - | S14: -
A15: 9 | B15: 17686 | C15: FABRICIO FRANCA MIRANDA | D15: M | E15: =IF(COUNTIF(I15,"*MC*")=1,"MC",IF(COUNTIF(I15,"*NCOM*")=1,"NCOM",IF(C15="","","MA"))) -> MA | F15: 38797 | G15: 108309624-2 | H15: 68488533-5 | J15: =IF(K15="","",IF(K15>29,"DISP.IDADE","")) | K15: =IF(F15="","",INT((TODAY()-F15)/365.25)) -> 19 | L15: Não | M15: - | N15: - | O15: - | P15: - | Q15: - | R15: - | S15: - | V15: 50406265844
A16: 10 | B16: 18485 | C16: GUILHERME CARDOSO GOMBIO | D16: M | E16: =IF(COUNTIF(I16,"*MC*")=1,"MC",IF(COUNTIF(I16,"*NCOM*")=1,"NCOM",IF(C16="","","MA"))) -> MA | F16: 38107 | G16: 103886852-X | H16: 68297430-4 | J16: DISP.TRABALHO | K16: =IF(F16="","",INT((TODAY()-F16)/365.25)) -> 21 | L16: Não | M16: - | N16: - | O16: - | P16: - | Q16: - | R16: - | S16: - | V16: 06415231731
A17: 11 | B17: 18915 | C17: GUILHERME COSMO DA COSTA FERREIRA | D17: F | E17: =IF(COUNTIF(I17,"*MC*")=1,"MC",IF(COUNTIF(I17,"*NCOM*")=1,"NCOM",IF(C17="","","MA"))) -> MA | F17: 38893 | G17: 1066524129 | J17: =IF(K17="","",IF(K17>29,"DISP.IDADE","")) | K17: =IF(F17="","",INT((TODAY()-F17)/365.25)) -> 19 | L17: Não | M17: - | N17: - | O17: - | P17: - | Q17: - | R17: - | S17: -
A18: 12 | B18: 15848 | C18: JULIANA LIMA DA SILVA | D18: F | E18: =IF(COUNTIF(I18,"*MC*")=1,"MC",IF(COUNTIF(I18,"*NCOM*")=1,"NCOM",IF(C18="","","MA"))) -> MA | F18: 33913 | G18: 48861814-9 | J18: =IF(K18="","",IF(K18>29,"DISP.IDADE","")) -> DISP.IDADE | K18: =IF(F18="","",INT((TODAY()-F18)/365.25)) -> 32 | L18: Não | M18: - | N18: - | O18: - | P18: - | Q18: - | R18: - | S18: -
A19: 13 | B19: 13386 | C19: LUIZ CARLOS GOUVEA DOS SANTOS SILVA | D19: M | E19: =IF(COUNTIF(I19,"*MC*")=1,"MC",IF(COUNTIF(I19,"*NCOM*")=1,"NCOM",IF(C19="","","MA"))) -> MA | F19: 38810 | G19: 110803889X | H19: 59356996-9 | J19: =IF(K19="","",IF(K19>29,"DISP.IDADE","")) | K19: =IF(F19="","",INT((TODAY()-F19)/365.25)) -> 19 | L19: Não | M19: - | N19: - | O19: - | P19: - | Q19: - | R19: - | S19: - | V19: 53934567850
A20: 14 | B20: 18395 | C20: MARCIA MARIA PIRES | D20: F | E20: =IF(COUNTIF(I20,"*MC*")=1,"MC",IF(COUNTIF(I20,"*NCOM*")=1,"NCOM",IF(C20="","","MA"))) -> MA | F20: 27629 | G20: 125159739-7 | H20: 32400449-7 | J20: =IF(K20="","",IF(K20>29,"DISP.IDADE","")) -> DISP.IDADE | K20: =IF(F20="","",INT((TODAY()-F20)/365.25)) -> 50 | L20: Não | M20: - | N20: - | O20: - | P20: - | Q20: - | R20: - | S20: - | V20: 25674549850
A21: 15 | B21: 18855 | C21: MARIA LUIZA DA SILVA DE OLIVEIRA | D21: F | E21: =IF(COUNTIF(I21,"*MC*")=1,"MC",IF(COUNTIF(I21,"*NCOM*")=1,"NCOM",IF(C21="","","MA"))) -> MA | F21: 39017 | H21: 59.066.916-3 | J21: DISP. TRABALHO | K21: =IF(F21="","",INT((TODAY()-F21)/365.25)) -> 18 | L21: Não | M21: - | N21: - | O21: - | P21: - | Q21: - | R21: - | S21: -
A22: 16 | B22: 15889 | C22: MARIANA HELENA BATISTA CAMARGO | D22: F | E22: =IF(COUNTIF(I22,"*MC*")=1,"MC",IF(COUNTIF(I22,"*NCOM*")=1,"NCOM",IF(C22="","","MA"))) -> MA | F22: 34877 | H22: 42075510-X | J22: =IF(K22="","",IF(K22>29,"DISP.IDADE","")) -> DISP.IDADE | K22: =IF(F22="","",INT((TODAY()-F22)/365.25)) -> 30 | L22: Não | M22: - | N22: - | O22: - | P22: - | Q22: - | R22: - | S22: - | V22: 43914244879
A23: 17 | B23: 18492 | C23: MATHEUS INACIO SOTERIO | D23: M | E23: =IF(COUNTIF(I23,"*MC*")=1,"MC",IF(COUNTIF(I23,"*NCOM*")=1,"NCOM",IF(C23="","","MA"))) -> MA | F23: 38694 | G23: 111426300-X | H23: 50714963-4 | J23: =IF(K23="","",IF(K23>29,"DISP.IDADE","")) | K23: =IF(F23="","",INT((TODAY()-F23)/365.25)) -> 19 | L23: Não | M23: - | N23: - | O23: - | P23: - | Q23: - | R23: - | S23: - | V23: 59743527850
A24: 18 | B24: 18905 | C24: MONIQUE RAMOS BELIZARIO | D24: F | E24: =IF(COUNTIF(I24,"*MC*")=1,"MC",IF(COUNTIF(I24,"*NCOM*")=1,"NCOM",IF(C24="","","MA"))) -> MA | F24: 39214 | G24: 1090774783 | J24: DISP.TRABALHO | K24: =IF(F24="","",INT((TODAY()-F24)/365.25)) -> 18 | L24: Não | M24: - | N24: - | O24: - | P24: - | Q24: - | R24: - | S24: -
A25: 19 | B25: 18778 | C25: NATHALYA VITORIA OLIVEIRA DE SOUZA | D25: F | E25: =IF(COUNTIF(I25,"*MC*")=1,"MC",IF(COUNTIF(I25,"*NCOM*")=1,"NCOM",IF(C25="","","MA"))) -> MA | F25: 38945 | H25: 52645234-1 | J25: =IF(K25="","",IF(K25>29,"DISP.IDADE","")) | K25: =IF(F25="","",INT((TODAY()-F25)/365.25)) -> 19 | L25: Não | M25: - | N25: - | O25: - | P25: - | Q25: - | R25: - | S25: - | V25: 50217635806
A26: 20 | B26: 18706 | C26: ROSALINA DA SILVA DAMIAO | D26: F | E26: =IF(COUNTIF(I26,"*MC*")=1,"MC",IF(COUNTIF(I26,"*NCOM*")=1,"NCOM",IF(C26="","","MA"))) -> MA | F26: 28909 | G26: 1130491067 | H26: 39004655-3 | J26: =IF(K26="","",IF(K26>29,"DISP.IDADE","")) -> DISP.IDADE | K26: =IF(F26="","",INT((TODAY()-F26)/365.25)) -> 46 | L26: Não | M26: - | N26: - | O26: - | P26: - | Q26: - | R26: - | S26: - | V26: 03366054476
A27: 21 | B27: 13098 | C27: SANDRA REGINA RODRIGUES DOS SANTOS | D27: F | E27: =IF(COUNTIF(I27,"*MC*")=1,"MC",IF(COUNTIF(I27,"*NCOM*")=1,"NCOM",IF(C27="","","MA"))) -> MA | F27: 29588 | H27: 30289798-7 | J27: =IF(K27="","",IF(K27>29,"DISP.IDADE","")) -> DISP.IDADE | K27: =IF(F27="","",INT((TODAY()-F27)/365.25)) -> 44 | L27: Não | M27: - | N27: - | O27: - | P27: - | Q27: - | R27: - | S27: - | V27: 32297444893
A28: 22 | B28: 18764 | C28: SILVINA ALVES CAMBOIN | D28: F | E28: =IF(COUNTIF(I28,"*MC*")=1,"MC",IF(COUNTIF(I28,"*NCOM*")=1,"NCOM",IF(C28="","","MA"))) -> MA | F28: 26781 | H28: 24412555-7 | J28: =IF(K28="","",IF(K28>29,"DISP.IDADE","")) -> DISP.IDADE | K28: =IF(F28="","",INT((TODAY()-F28)/365.25)) -> 52 | L28: Não | M28: - | N28: - | O28: - | P28: - | Q28: - | R28: - | S28: - | V28: 14895893847
A29: 23 | B29: 10938 | C29: VALMIR DUTRA | D29: M | E29: =IF(COUNTIF(I29,"*MC*")=1,"MC",IF(COUNTIF(I29,"*NCOM*")=1,"NCOM",IF(C29="","","MA"))) -> MA | F29: 26456 | H29: 27203261-X | J29: =IF(K29="","",IF(K29>29,"DISP.IDADE","")) -> DISP.IDADE | K29: =IF(F29="","",INT((TODAY()-F29)/365.25)) -> 53 | L29: Não | M29: - | N29: - | O29: - | P29: - | Q29: - | R29: - | S29: - | V29: 15912946819
A30: 24 | B30: 18920 | C30: YASMIN CRISTINA DOS SANTOS | D30: F | E30: =IF(COUNTIF(I30,"*MC*")=1,"MC",IF(COUNTIF(I30,"*NCOM*")=1,"NCOM",IF(C30="","","MA"))) -> MA | F30: 37943 | J30: =IF(K30="","",IF(K30>29,"DISP.IDADE","")) | K30: =IF(F30="","",INT((TODAY()-F30)/365.25)) -> 21 | L30: Não | M30: - | N30: - | O30: - | P30: - | Q30: - | R30: - | S30: -
A31: 25 | B31: 18944 | C31: CARLOS GUILHERME LEITE OLIVEIRA | D31: M | E31: =IF(COUNTIF(I31,"*MC*")=1,"MC",IF(COUNTIF(I31,"*NCOM*")=1,"NCOM",IF(C31="","","MA"))) -> MA | F31: 39242 | G31: 1088655650 | J31: =IF(K31="","",IF(K31>29,"DISP.IDADE","")) | K31: =IF(F31="","",INT((TODAY()-F31)/365.25)) -> 18 | L31: Não | M31: - | N31: - | O31: - | P31: - | Q31: - | R31: - | S31: -
A32: 26 | B32: 18945 | C32: LUIZ FERNANDO DOS SANTOS MARTINS | D32: M | E32: =IF(COUNTIF(I32,"*MC*")=1,"MC",IF(COUNTIF(I32,"*NCOM*")=1,"NCOM",IF(C32="","","MA"))) -> MA | F32: 38872 | G32: 107286327-3 | H32: 64265077-9 | J32: =IF(K32="","",IF(K32>29,"DISP.IDADE","")) | K32: =IF(F32="","",INT((TODAY()-F32)/365.25)) -> 19 | L32: Não | M32: - | N32: - | O32: - | P32: - | Q32: - | R32: - | S32: - | V32: 555644358-00
A33: 27 | B33: 18948 | C33: KAUAN CAMARA MONTEIRO | D33: M | E33: =IF(COUNTIF(I33,"*MC*")=1,"MC",IF(COUNTIF(I33,"*NCOM*")=1,"NCOM",IF(C33="","","MA"))) -> MA | F33: 39223 | G33: 1114420402 | J33: =IF(K33="","",IF(K33>29,"DISP.IDADE","")) | K33: =IF(F33="","",INT((TODAY()-F33)/365.25)) -> 18 | L33: Não | M33: - | N33: - | O33: - | P33: - | Q33: - | R33: - | S33: -
A34: 28 | B34: 18950 | C34: CRISTINE ARANTES DE SOUZA | D34: F | E34: =IF(COUNTIF(I34,"*MC*")=1,"MC",IF(COUNTIF(I34,"*NCOM*")=1,"NCOM",IF(C34="","","MA"))) -> MA | F34: 39209 | G34: 109334167-1 | H34: 62909008-7 | J34: =IF(K34="","",IF(K34>29,"DISP.IDADE","")) | K34: =IF(F34="","",INT((TODAY()-F34)/365.25)) -> 18 | L34: Não | M34: - | N34: - | O34: - | P34: - | Q34: - | R34: - | S34: - | V34: 520849618-66
A35: 29 | B35: 18952 | C35: GUSTAVO ENRIQUE DA COSTA | D35: M | E35: =IF(COUNTIF(I35,"*MC*")=1,"MC",IF(COUNTIF(I35,"*NCOM*")=1,"NCOM",IF(C35="","","MA"))) -> MA | F35: 38828 | H35: 55102515-3 | J35: =IF(K35="","",IF(K35>29,"DISP.IDADE","")) | K35: =IF(F35="","",INT((TODAY()-F35)/365.25)) -> 19 | L35: Não | M35: - | N35: - | O35: - | P35: - | Q35: - | R35: - | S35: - | V35: 58125444840
A36: 30 | B36: 18959 | C36: JOAO VICTOR SILVA COSTA | D36: M | E36: =IF(COUNTIF(I36,"*MC*")=1,"MC",IF(COUNTIF(I36,"*NCOM*")=1,"NCOM",IF(C36="","","MA"))) -> MA | F36: 39232 | G36: 108770764-X | I36: TR 20/08 | J36: =IF(K36="","",IF(K36>29,"DISP.IDADE","")) | K36: =IF(F36="","",INT((TODAY()-F36)/365.25)) -> 18 | L36: Não | M36: - | N36: - | O36: - | P36: - | Q36: - | R36: - | S36: - | V36: 51577786866
A37: 31 | B37: 18964 | C37: LUIZ GUSTAVO SIMON PERICLES | D37: M | E37: =IF(COUNTIF(I37,"*MC*")=1,"MC",IF(COUNTIF(I37,"*NCOM*")=1,"NCOM",IF(C37="","","MA"))) -> MA | F37: 39045 | G37: 111303376-9 | H37: 67007002-6 | I37: TR 21/08 | J37: =IF(K37="","",IF(K37>29,"DISP.IDADE","")) | K37: =IF(F37="","",INT((TODAY()-F37)/365.25)) -> 18 | L37: Não | M37: - | N37: - | O37: - | P37: - | Q37: - | R37: - | S37: - | V37: 569084428-45
A38: 32 | B38: 18766 | C38: YASMIN MOTTA FRANÇA DOS SANTOS | D38: F | E38: =IF(COUNTIF(I38,"*MC*")=1,"MC",IF(COUNTIF(I38,"*NCOM*")=1,"NCOM",IF(C38="","","MA"))) -> MA | F38: 38657 | G38: 111376307-3 | I38: TR 21/08 | J38: =IF(K38="","",IF(K38>29,"DISP.IDADE","")) | K38: =IF(F38="","",INT((TODAY()-F38)/365.25)) -> 19 | L38: Não | M38: - | N38: - | O38: - | P38: - | Q38: - | R38: - | S38: - | V38: 50735030820
A39: 33 | B39: 13246 | C39: NADIA REGINA MOTTA | D39: F | E39: =IF(COUNTIF(I39,"*MC*")=1,"MC",IF(COUNTIF(I39,"*NCOM*")=1,"NCOM",IF(C39="","","MA"))) -> MA | F39: 21415 | G39: 115907094-5 | H39: 9684010 | I39: TR 21/08 | J39: =IF(K39="","",IF(K39>29,"DISP.IDADE","")) -> DISP.IDADE | K39: =IF(F39="","",INT((TODAY()-F39)/365.25)) -> 67 | L39: Não | M39: - | N39: - | O39: - | P39: - | Q39: - | R39: - | S39: - | V39: 257081708-24
A40: 34 | B40: 15205 | C40: LUANA GAVIAO FORTI | D40: F | E40: =IF(COUNTIF(I40,"*MC*")=1,"MC",IF(COUNTIF(I40,"*NCOM*")=1,"NCOM",IF(C40="","","MA"))) -> MA | F40: 31284 | G40: 40491035-X | I40: TR 22/08 | J40: =IF(K40="","",IF(K40>29,"DISP.IDADE","")) -> DISP.IDADE | K40: =IF(F40="","",INT((TODAY()-F40)/365.25)) -> 40 | L40: Não | M40: - | N40: - | O40: - | P40: - | Q40: - | R40: - | S40: -
A41: 35 | B41: 18968 | C41: GEOVANNA FARIA SILVA | D41: F | E41: =IF(COUNTIF(I41,"*MC*")=1,"MC",IF(COUNTIF(I41,"*NCOM*")=1,"NCOM",IF(C41="","","MA"))) -> MA | F41: 38690 | G41: 110296772-5 | H41: 57547302-2 | I41: TR 22/08 | J41: =IF(K41="","",IF(K41>29,"DISP.IDADE","")) | K41: =IF(F41="","",INT((TODAY()-F41)/365.25)) -> 19 | L41: Não | M41: - | N41: - | O41: - | P41: - | Q41: - | R41: - | S41: - | V41: 50477602860
A42: 36 | B42: 15439 | C42: GUILHERME OLIVEIRA SILVA | D42: M | E42: =IF(COUNTIF(I42,"*MC*")=1,"MC",IF(COUNTIF(I42,"*NCOM*")=1,"NCOM",IF(C42="","","MA"))) -> MA | F42: 38536 | G42: 108599848-4 | H42: 59883597-0 | I42: INCLUSAO TR 22/08 | J42: =IF(K42="","",IF(K42>29,"DISP.IDADE","")) | K42: =IF(F42="","",INT((TODAY()-F42)/365.25)) -> 20 | L42: Sim | M42: - | N42: - | O42: - | P42: - | Q42: - | R42: - | S42: - | V42: 50149470851
E43: =IF(COUNTIF(I43,"*MC*")=1,"MC",IF(COUNTIF(I43,"*NCOM*")=1,"NCOM",IF(C43="","","MA")))
E44: =IF(COUNTIF(I44,"*MC*")=1,"MC",IF(COUNTIF(I44,"*NCOM*")=1,"NCOM",IF(C44="","","MA")))
E45: =IF(COUNTIF(I45,"*MC*")=1,"MC",IF(COUNTIF(I45,"*NCOM*")=1,"NCOM",IF(C45="","","MA")))
E46: =IF(COUNTIF(I46,"*MC*")=1,"MC",IF(COUNTIF(I46,"*NCOM*")=1,"NCOM",IF(C46="","","MA")))
E47: =IF(COUNTIF(I47,"*MC*")=1,"MC",IF(COUNTIF(I47,"*NCOM*")=1,"NCOM",IF(C47="","","MA")))
E48: =IF(COUNTIF(I48,"*MC*")=1,"MC",IF(COUNTIF(I48,"*NCOM*")=1,"NCOM",IF(C48="","","MA")))
E49: =IF(COUNTIF(I49,"*MC*")=1,"MC",IF(COUNTIF(I49,"*NCOM*")=1,"NCOM",IF(C49="","","MA")))
E50: =IF(COUNTIF(I50,"*MC*")=1,"MC",IF(COUNTIF(I50,"*NCOM*")=1,"NCOM",IF(C50="","","MA")))
E51: =IF(COUNTIF(I51,"*MC*")=1,"MC",IF(COUNTIF(I51,"*NCOM*")=1,"NCOM",IF(C51="","","MA")))
E52: =IF(COUNTIF(I52,"*MC*")=1,"MC",IF(COUNTIF(I52,"*NCOM*")=1,"NCOM",IF(C52="","","MA")))
E53: =IF(COUNTIF(I53,"*MC*")=1,"MC",IF(COUNTIF(I53,"*NCOM*")=1,"NCOM",IF(C53="","","MA")))
E54: =IF(COUNTIF(I54,"*MC*")=1,"MC",IF(COUNTIF(I54,"*NCOM*")=1,"NCOM",IF(C54="","","MA")))
... E96: =IF(COUNTIF(I96,"*MC*")=1,"MC",IF(COUNTIF(I96,"*NCOM*")=1,"NCOM",IF(C96="","","MA")))

Sheet menores concluintes 8ª
A1: Município da Estância Balneária de Praia Grande
A2: Estado de São Paulo
A3: E.M. José Padin Mouta
A4: MENORES CONCLUINTES 8ª SÉRIE 1ºSEM/2024 - MATRÍCULA CANCELADA:
A5: 13988 | B5: JOSE LUCAS FERNANDES DE LIMA ALMEIDA | C5: M | D5: =IF(COUNTIF(H5,"*MC*")=1,"MC",IF(B5="","","MA")) -> MA | E5: 39191 | F5: 109851916-4 | H5: PROMOVIDO P/ 1ª EM

Sheet RETIDOS FREQUENCIA
A1: Município da Estância Balneária de Praia Grande
A2: Estado de São Paulo
A3: E.M. José Padin Mouta
A4: ALUNOS RETIDOS POR FREQUÊNCIA, TENDO SIDO SUA MATRÍCULA CANCELADA:
A5: 18175 | B5: DANYLLO D'ALESSANDRE NOGUEIRA PEREIRA | C5: M | D5: MA | E5: 39093 | F5: 109997904-3 | H5: RETIDO FALTA 6ª EF
A6: 18136 | B6: IGOR TURQUIM DE LIMA | C6: M | D6: MA | E6: 39553 | F6: 111511834-1 | H6: RETIDO FALTA 6ª EF
A7: 18380 | B7: EONICE APARECIDA DOS SANTOS NASCIMENTO | C7: F | D7: MA | E7: 25413 | F7: 21526507-5 | G7: 21526507-5 | H7: RETIDO FALTA 6ª EF
A8: 18396 | B8: GABRIEL SILVA DE ANDRADE | C8: M | D8: MA | E8: 39496 | F8: 109.863.224-2 | G8: 66.225865-4 | H8: RETIDO FALTA 6ª EF
A9: 18310 | B9: BRUNA BARBOSA CEZIMBRA | C9: F | D9: MA | E9: 38827 | F9: 107893746-1 | G9: 64047868-2 | H9: RETIDO FALTA 8ª EF
A10: 18367 | B10: SAMUEL MENDES LEOCADIO | C10: M | D10: MA | E10: 39446 | F10: 113241718-1 | G10: 54882746-1 | H10: RETIDO FALTA 8ª EF
A11: 17478 | B11: GABRIELLY SALLES CORREA | C11: F | D11: MA | E11: 37200 | F11: 103066940-5 | H11: RETIDO FALTA 2ª EM
A12: 15576 | B12: MAURICIO MARIANO DOS SANTOS JUNIOR | C12: M | D12: MA | E12: 36767 | F12: 103053292-8 | G12: 55672123-8 | H12: RETIDO FALTA 2ª EM

Sheet fomandos 1ºsem2024
C1: Município da Estância Balneária de Praia Grande
C2: Estado de São Paulo
C3: E.M. José Padin Mouta
C4: EDUCAÇÃO DE JOVENS DE ADULTOS - EJA - 1º Sem/2024
A5: Série: 3ª SÉRIE E.M | E5: SALA: | F5: ='[4]Total de Alunos'!B18 -> 0 | G5: DATA IMPRESSÃO: | H5: =TODAY() -> 45931 | I5: NR. Classe: SED: | Q5: MA | R5: MC | S5: INCL. | T5: DISP.ED.FÍS. | U5: REM(SIM)
A6: Nº | B6: RM | C6: NOME DO ALUNO | D6: S | E6: COD. | F6: NASC. | G6: RA | H6: RG | I6: OBS.: | J6: ED. FÍSICA | K6: REM - 2022/2º | L6: IDADE | M6: FUMANTE | P6: Mas. | Q6: =COUNTIFS($D$7:$D$57,"M",$E$7:$E$57,"MA") -> 10 | R6: =COUNTIFS(D7:D57,"M",E7:E57,"MC") -> 0 | S6: =COUNTIFS(D7:D57,"M",E7:E57,"MA",I7:I57,"*INCLUSÃO*") -> 0 | T6: =COUNTIFS($D7:$D57,"M",$E7:$E57,"MA",J7:J57,"*DISP*") -> 4 | U6: =COUNTIFS($D7:$D57,"M",$E7:$E57,"MA",K7:K57,"*SIM*") -> 0
A7: 2 | B7: 17483 | C7: ANGELA ROCHA AGUIAR | D7: F | E7: =IF(COUNTIF(I7,"*MC*")=1,"MC",IF(C7="","","MA")) -> MA | F7: 29375 | G7: 111230146-X | I7: CONCLUINTE 3º EM | J7: DISP.IDADE | L7: =IF(F7="","",INT((TODAY()-F7)/365.25)) -> 45 | P7: TOTAL | Q7: =SUM(Q6:Q6) -> 10 | R7: =SUM(R6:R6) -> 0 | S7: =SUM(S6:S6) -> 0 | T7: =SUM(T6:T6) -> 4 | U7: =SUM(U6:U6) -> 0
A8: 3 | B8: 17575 | C8: CARLA ALVES DE JESUS SANTOS | D8: F | E8: =IF(COUNTIF(I8,"*MC*")=1,"MC",IF(C8="","","MA")) -> MA | F8: 30405 | G8: 47534645-2 | H8: 45728645-3 | I8: CONCLUINTE 3º EM | J8: DISP.IDADE | L8: =IF(F8="","",INT((TODAY()-F8)/365.25)) -> 42
A9: 4 | B9: 17650 | C9: CLAUDINICE SILVA DE JESUS | D9: M | E9: =IF(COUNTIF(I9,"*MC*")=1,"MC",IF(C9="","","MA")) -> MA | F9: 28596 | G9: 111063136-4 | I9: CONCLUINTE 3º EM | J9: DISP.IDADE | L9: =IF(F9="","",INT((TODAY()-F9)/365.25)) -> 47
A10: 5 | B10: 1068 | C10: CLAUDIVANIA SILVA DE JESUS | D10: F | E10: =IF(COUNTIF(I10,"*MC*")=1,"MC",IF(C10="","","MA")) -> MA | F10: 31876 | G10: 42895342-6 | H10: 42895342-6 | I10: CONCLUINTE 3º EM | J10: DISP.IDADE | L10: =IF(F10="","",INT((TODAY()-F10)/365.25)) -> 38
A11: 6 | B11: 17657 | C11: DALLYLA HANNASHIVA GOMES | D11: F | E11: =IF(COUNTIF(I11,"*MC*")=1,"MC",IF(C11="","","MA")) -> MA | F11: 34623 | G11: 42094631-7 | I11: CONCLUINTE 3º EM | J11: DISP.TRABALHO | L11: =IF(F11="","",INT((TODAY()-F11)/365.25)) -> 30
A12: 8 | B12: 18308 | C12: DHERIK COELHO MARTINS | D12: M | E12: =IF(COUNTIF(I12,"*MC*")=1,"MC",IF(C12="","","MA")) -> MA | F12: 38653 | G12: 109998951-6 | H12: 60410259-8 | I12: CONCLUINTE 3º EM | J12: DISP.TRABALHO | L12: =IF(F12="","",INT((TODAY()-F12)/365.25)) -> 19
A13: 9 | B13: 17668 | C13: DIEGO LUCIANO LISBOA ALVES | D13: M | E13: =IF(COUNTIF(I13,"*MC*")=1,"MC",IF(C13="","","MA")) -> MA | F13: 38232 | G13: 107255636-4 | I13: CONCLUINTE 3º EM | L13: =IF(F13="","",INT((TODAY()-F13)/365.25)) -> 21
A14: 10 | B14: 16966 | C14: GUSTAVO GUIMARAES ARRUDA | D14: M | E14: =IF(COUNTIF(I14,"*MC*")=1,"MC",IF(C14="","","MA")) -> MA | F14: 37818 | G14: 107628296-9 | H14: 57493675-0 | I14: CONCLUINTE 3º EM | L14: =IF(F14="","",INT((TODAY()-F14)/365.25)) -> 22
A15: 12 | B15: 17578 | C15: JOAO VICTOR DE SOUZA | D15: M | E15: =IF(COUNTIF(I15,"*MC*")=1,"MC",IF(C15="","","MA")) -> MA | F15: 38206 | G15: 108273824-4 | H15: 58656375-1 | I15: CONCLUINTE 3º EM | J15: DISP. IDADE | L15: =IF(F15="","",INT((TODAY()-F15)/365.25)) -> 21
A16: 13 | B16: 6971 | C16: JOSE FERNANDO COSTA DOS SANTOS | D16: M | E16: =IF(COUNTIF(I16,"*MC*")=1,"MC",IF(C16="","","MA")) -> MA | F16: 28156 | G16: 101552747-4 | I16: CONCLUINTE 3º EM | J16: DISP.PROLE | L16: =IF(F16="","",INT((TODAY()-F16)/365.25)) -> 48
A17: 14 | B17: 15856 | C17: LARISSA GABRIELA DA SILVA ALVES | D17: F | E17: =IF(COUNTIF(I17,"*MC*")=1,"MC",IF(C17="","","MA")) -> MA | F17: 36386 | G17: 102079999-7 | I17: CONCLUINTE 3º EM | J17: DISP.IDADE | L17: =IF(F17="","",INT((TODAY()-F17)/365.25)) -> 26
A18: 15 | B18: 9993 | C18: LUCIENE DA SILVA | D18: F | E18: =IF(COUNTIF(I18,"*MC*")=1,"MC",IF(C18="","","MA")) -> MA | F18: 27458 | G18: 106529035-4 | H18: 28363438-8 | I18: CONCLUINTE 3º EM | J18: DISP. TRABALHO | L18: =IF(F18="","",INT((TODAY()-F18)/365.25)) -> 50
A19: 16 | B19: 3365 | C19: MARCIA MARIA RODRIGUES | D19: F | E19: =IF(COUNTIF(I19,"*MC*")=1,"MC",IF(C19="","","MA")) -> MA | F19: 28393 | G19: 30873821-4 | H19: 30873821-4 | I19: CONCLUINTE 3º EM | J19: DISP. IDADE | L19: =IF(F19="","",INT((TODAY()-F19)/365.25)) -> 48
A20: 17 | B20: 18072 | C20: MARIA DE JESUS PAULINO PEREIRA | D20: F | E20: =IF(COUNTIF(I20,"*MC*")=1,"MC",IF(C20="","","MA")) -> MA | F20: 30817 | G20: 42738894-6 | H20: 42738894-6 | I20: CONCLUINTE 3º EM | J20: DISP.PROLE | L20: =IF(F20="","",INT((TODAY()-F20)/365.25)) -> 41
A21: 18 | B21: 17661 | C21: MARIA EDUARDA SILVA NASCIMENTO | D21: F | E21: =IF(COUNTIF(I21,"*MC*")=1,"MC",IF(C21="","","MA")) -> MA | F21: 38183 | G21: 103635714-4 | I21: CONCLUINTE 3º EM | J21: DISP. PROLE | L21: =IF(F21="","",INT((TODAY()-F21)/365.25)) -> 21
A22: 19 | B22: 18306 | C22: RAFAELE COELHO DE LIMA | D22: F | E22: =IF(COUNTIF(I22,"*MC*")=1,"MC",IF(C22="","","MA")) -> MA | F22: 38595 | G22: 109750872-9 | H22: 63269123-2 | I22: CONCLUINTE 3º EM | L22: =IF(F22="","",INT((TODAY()-F22)/365.25)) -> 20
A23: 21 | B23: 18307 | C23: TAMIREZ COSTA MEIRA | D23: F | E23: =IF(COUNTIF(I23,"*MC*")=1,"MC",IF(C23="","","MA")) -> MA | F23: 38191 | G23: 106405057-8 | I23: CONCLUINTE 3º EM | L23: =IF(F23="","",INT((TODAY()-F23)/365.25)) -> 21
A24: 22 | B24: 17974 | C24: THIAGO EUSTÁQUIO ATANES | D24: M | E24: =IF(COUNTIF(I24,"*MC*")=1,"MC",IF(C24="","","MA")) -> MA | F24: 35906 | G24: 49884579-5 | H24: 49884579-5 | I24: CONCLUINTE 3º EM | L24: =IF(F24="","",INT((TODAY()-F24)/365.25)) -> 27
A25: 23 | B25: 18124 | C25: VICTOR VAGNER PIGATO | D25: M | E25: =IF(COUNTIF(I25,"*MC*")=1,"MC",IF(C25="","","MA")) -> MA | F25: 36395 | G25: 103277190-2 | I25: CONCLUINTE 3º EM | L25: =IF(F25="","",INT((TODAY()-F25)/365.25)) -> 26
A26: 24 | B26: 18328 | C26: YASMIN PEREIRA SONCINI DE ALMEIDA | D26: F | E26: =IF(COUNTIF(I26,"*MC*")=1,"MC",IF(C26="","","MA")) -> MA | F26: 38362 | G26: 108029229-9 | H26: 59608499-7 | I26: CONCLUINTE 3º EM | J26: DISP. TRABALHO | L26: =IF(F26="","",INT((TODAY()-F26)/365.25)) -> 20
A27: 26 | B27: 18363 | C27: MARIA APARECIDA DA SILVA AS | D27: F | E27: =IF(COUNTIF(I27,"*MC*")=1,"MC",IF(C27="","","MA")) -> MA | F27: 27861 | G27: 25413692-8 | H27: 25413692-8 | I27: CONCLUINTE 3º EM | J27: DISP. IDADE | L27: =IF(F27="","",INT((TODAY()-F27)/365.25)) -> 49
A28: 27 | B28: 11222 | C28: VICTOR AUGUSTO DA SILVA CADOSO | D28: M | E28: =IF(COUNTIF(I28,"*MC*")=1,"MC",IF(C28="","","MA")) -> MA | F28: 37658 | G28: 108768871-1 | H28: 57759812-0 | I28: CONCLUINTE 3º EM | L28: =IF(F28="","",INT((TODAY()-F28)/365.25)) -> 22
A29: 28 | B29: 18375 | C29: JOELMA SILVA DE OLIVEIRA MIRANDA | D29: F | E29: =IF(COUNTIF(I29,"*MC*")=1,"MC",IF(C29="","","MA")) -> MA | F29: 30386 | I29: CONCLUINTE 3º EM | J29: DISP. IDADE | L29: =IF(F29="","",INT((TODAY()-F29)/365.25)) -> 42
A30: 29 | B30: 18385 | C30: ANA BEATRIZ LADEIRA | D30: F | E30: =IF(COUNTIF(I30,"*MC*")=1,"MC",IF(C30="","","MA")) -> MA | F30: 38554 | G30: 109845007-3 | I30: CONCLUINTE 3º EM | L30: =IF(F30="","",INT((TODAY()-F30)/365.25)) -> 20
A31: 30 | B31: 16387 | C31: DAVI GABRIEL JOSE DA SILVA | D31: M | E31: =IF(COUNTIF(I31,"*MC*")=1,"MC",IF(C31="","","MA")) -> MA | F31: 36259 | H31: 56.904.569-1 | I31: CONCLUINTE 3º EM | L31: =IF(F31="","",INT((TODAY()-F31)/365.25)) -> 26
L32: =IF(F32="","",INT((TODAY()-F32)/365.25))
L33: =IF(F33="","",INT((TODAY()-F33)/365.25))
L34: =IF(F34="","",INT((TODAY()-F34)/365.25))
L35: =IF(F35="","",INT((TODAY()-F35)/365.25))
L36: =IF(F36="","",INT((TODAY()-F36)/365.25))
A37: 35 | E37: =IF(COUNTIF(I37,"*MC*")=1,"MC",IF(C37="","","MA")) | L37: =IF(F37="","",INT((TODAY()-F37)/365.25))
A38: 36 | E38: =IF(COUNTIF(I38,"*MC*")=1,"MC",IF(C38="","","MA")) | L38: =IF(F38="","",INT((TODAY()-F38)/365.25))
A39: 37 | E39: =IF(COUNTIF(I39,"*MC*")=1,"MC",IF(C39="","","MA")) | L39: =IF(F39="","",INT((TODAY()-F39)/365.25))
A40: 38 | E40: =IF(COUNTIF(I40,"*MC*")=1,"MC",IF(C40="","","MA")) | L40: =IF(F40="","",INT((TODAY()-F40)/365.25))
A41: 39 | E41: =IF(COUNTIF(I41,"*MC*")=1,"MC",IF(C41="","","MA")) | L41: =IF(F41="","",INT((TODAY()-F41)/365.25))
A42: 40 | E42: =IF(COUNTIF(I42,"*MC*")=1,"MC",IF(C42="","","MA")) | L42: =IF(F42="","",INT((TODAY()-F42)/365.25))
A43: 41 | E43: =IF(COUNTIF(I43,"*MC*")=1,"MC",IF(C43="","","MA")) | L43: =IF(F43="","",INT((TODAY()-F43)/365.25))
A44: 42 | E44: =IF(COUNTIF(I44,"*MC*")=1,"MC",IF(C44="","","MA")) | L44: =IF(F44="","",INT((TODAY()-F44)/365.25))
A45: 43 | E45: =IF(COUNTIF(I45,"*MC*")=1,"MC",IF(C45="","","MA")) | L45: =IF(F45="","",INT((TODAY()-F45)/365.25))
A46: 44 | E46: =IF(COUNTIF(I46,"*MC*")=1,"MC",IF(C46="","","MA")) | L46: =IF(F46="","",INT((TODAY()-F46)/365.25))
A47: 45 | E47: =IF(COUNTIF(I47,"*MC*")=1,"MC",IF(C47="","","MA")) | L47: =IF(F47="","",INT((TODAY()-F47)/365.25))
A48: 46 | E48: =IF(COUNTIF(I48,"*MC*")=1,"MC",IF(C48="","","MA")) | L48: =IF(F48="","",INT((TODAY()-F48)/365.25))
... A57: 55 | E57: =IF(COUNTIF(I57,"*MC*")=1,"MC",IF(C57="","","MA")) | L57: =IF(F57="","",INT((TODAY()-F57)/365.25))
E58: =IF(COUNTIF(I58,"*MC*")=1,"MC",IF(C58="","","MA"))
E59: =IF(COUNTIF(I59,"*MC*")=1,"MC",IF(C59="","","MA"))
E60: =IF(COUNTIF(I60,"*MC*")=1,"MC",IF(C60="","","MA"))

Sheet NCOM - MC's
C1: Município da Estância Balneária de Praia Grande
C2: Estado de São Paulo
C3: E.M. José Padin Mouta
C4: EDUCAÇÃO DE JOVENS DE ADULTOS - EJA - 2º Sem/2020
A5: ALUNOS NCOM E MC'S ( DATA LIMITE NCOM xx/xx/xxxx)
A6: SÉRIE | B6: RM | C6: NOME DO ALUNO | D6: S | E6: COD | F6: NASC. | G6: RA | H6: RG | I6: OBS. | J6: ED. FÍSICA | K6: REM - 2018/2º | L6: IDADE | M6: FUMANTE
A7: 1ª SÉRIE E.M
A8: 2ª SÉRIE E.M
A10: 5ª SÉRIE E.F
A11: 5ª SÉRIE E.F
A12: 8ª SÉRIE E.F
A13: 2ª SÉRIE E.M
A14: 2ª SÉRIE E.M
A15: 2ª SÉRIE E.M
A16: 2ª SÉRIE E.M
A17: 2ª SÉRIE E.M
A18: 3ª SÉRIE E.M
A19: 3ª SÉRIE E.M
J44: - | L44: =IF(F44="","",INT((TODAY()-F44)/365.25))
J45: - | L45: =IF(F45="","",INT((TODAY()-F45)/365.25))
J46: - | L46: =IF(F46="","",INT((TODAY()-F46)/365.25))
J47: - | L47: =IF(F47="","",INT((TODAY()-F47)/365.25))
J48: - | L48: =IF(F48="","",INT((TODAY()-F48)/365.25))
J49: - | L49: =IF(F49="","",INT((TODAY()-F49)/365.25))
J50: - | L50: =IF(F50="","",INT((TODAY()-F50)/365.25))
J51: - | L51: =IF(F51="","",INT((TODAY()-F51)/365.25))
J52: - | L52: =IF(F52="","",INT((TODAY()-F52)/365.25))
